freq,word,pron,type1
1036,です,デス,助動詞
882,ない,ナイ,形容詞
551,から,カラ,助詞
501,さん,サン,名詞
464,こと,コト,名詞
410,ます,マス,助動詞
353,そう,ソー,名詞
353,岡崎,オカザキ,名詞
339,って,ッテ,助詞
323,てる,テル,動詞
321,おまえ,オマエ,名詞
318,じゃ,ジャ,助詞
290,いい,イイ,形容詞
268,だろ,ダロ,助動詞
242,ちゃん,チャン,名詞
239,それ,ソレ,名詞
206,たら,タラ,助動詞
203,けど,ケド,助詞
198,まし,マシ,助動詞
195,わたし,ワタシ,名詞
188,あの,アノ,連体詞
188,する,スル,動詞
181,なっ,ナッ,動詞
179,だっ,ダッ,助動詞
173,風子,フウコ,名詞
162,この,コノ,連体詞
161,いる,イル,動詞
161,これ,コレ,名詞
157,ある,アル,動詞
156,くれ,クレ,動詞
146,どう,ドー,副詞
146,はい,ハイ,感動詞
132,だけ,ダケ,助詞
132,ことみ,コトミ,名詞
130,言っ,イッ,動詞
123,でしょ,デショ,助動詞
121,ねぇ,ネー,助詞
120,なら,ナラ,助動詞
118,その,ソノ,連体詞
115,ああ,アー,感動詞
113,たい,タイ,助動詞
112,なかっ,ナカッ,形容詞
111,春原,ハルハラ,名詞
110,やっ,ヤッ,動詞
109,ませ,マセ,助動詞
108,ここ,ココ,名詞
106,なく,ナク,形容詞
104,ください,クダサイ,動詞
103,あっ,アッ,動詞
100,いっ,イッ,動詞
100,たち,タチ,名詞
100,そんな,ソンナ,連体詞
98,くん,クン,名詞
96,今日,キョー,名詞
94,思っ,オモッ,動詞
93,まで,マデ,助詞
89,演劇,エンゲキ,名詞
87,でも,デモ,接続詞
86,よう,ヨー,名詞
84,ちょっと,チョット,副詞
83,先生,センセイ,名詞
82,思い,オモイ,動詞
81,こんな,コンナ,連体詞
80,よかっ,ヨカッ,形容詞
79,いや,イヤ,感動詞
73,もう,モー,副詞
72,ゴシック,ゴシック,名詞
72,中丸,ナカマル,名詞
72,だって,ダッテ,助詞
71,一緒,イッショ,名詞
71,学校,ガッコー,名詞
70,友達,トモダチ,名詞
69,なんて,ナンテ,助詞
68,お父さん,オトーサン,名詞
67,のに,ノニ,助詞
64,好き,スキ,名詞
63,ヒトデ,ヒトデ,名詞
62,もの,モノ,名詞
62,みたい,ミタイ,名詞
61,わけ,ワケ,名詞
60,とか,トカ,助詞
60,また,マタ,接続詞
60,えッ,エッ,感動詞
60,られ,ラレ,動詞
60,なんか,ナンカ,フィラー
60,世界,セカイ,名詞
60,あんた,アンタ,名詞
59,でき,デキ,動詞
59,なる,ナル,動詞
58,そういう,ソーユウ,連体詞
57,すっ,スッ,動詞
57,生徒,セイト,名詞
57,ずっと,ズット,副詞
56,早苗,サナエ,名詞
56,どこ,ドコ,名詞
56,あいつ,アイツ,名詞
55,みんな,ミンナ,名詞
54,古河,フルカワ,名詞
54,でし,デシ,助動詞
54,思う,オモウ,動詞
53,パン,パン,名詞
53,悪い,ワルイ,形容詞
52,自分,ジブン,名詞
51,伊吹,イブキ,名詞
50,かも,カモ,助詞
50,おい,オイ,名詞
50,うん,ウン,感動詞
47,あッ,アッ,感動詞
47,智代,トモヨ,名詞
47,家族,カゾク,名詞
47,くれる,クレル,動詞
46,お母さん,オカーサン,名詞
46,言わ,イワ,動詞
46,女の子,オンナノコ,名詞
45,明日,アシタ,名詞
45,えっ,エッ,感動詞
45,よっ,ヨッ,動詞
45,大丈夫,ダイジョーブ,名詞
45,ござい,ゴザイ,助動詞
44,どうぞ,ドーゾ,副詞
44,聞い,キイ,動詞
43,とても,トテモ,副詞
43,忘れ,ワスレ,動詞
43,やっぱり,ヤッパリ,副詞
42,ちゃ,チャ,助詞
42,なり,ナリ,動詞
42,本当に,ホントーニ,副詞
42,しまっ,シマッ,動詞
41,なん,ナン,動詞
41,まだ,マダ,副詞
41,やる,ヤル,動詞
41,ありがとう,アリガトー,感動詞
40,ため,タメ,名詞
40,ダメ,ダメ,名詞
40,もん,モン,名詞
40,ましょ,マショ,助動詞
40,わかっ,ワカッ,動詞
40,できる,デキル,動詞
40,行く,イク,動詞
40,ちゃんと,チャント,副詞
40,一ノ瀬,イチノセ,名詞
40,あなた,アナタ,名詞
39,時間,ジカン,名詞
39,しれ,シレ,動詞
38,よく,ヨク,副詞
38,ところ,トコロ,名詞
38,どうして,ドーシテ,副詞
38,とっても,トッテモ,副詞
38,言う,イウ,動詞
38,あたし,アタシ,名詞
37,知っ,シッ,動詞
37,はず,ハズ,名詞
37,なぁ,ナー,助詞
37,こう,コー,副詞
37,という,トユウ,助詞
37,きっと,キット,副詞
37,こっち,コッチ,名詞
36,あれ,アレ,名詞
36,あり,アリ,動詞
36,名前,ナマエ,名詞
36,たくさん,タクサン,名詞
35,なに,ナニ,名詞
35,ほら,ホラ,感動詞
35,いく,イク,動詞
35,ちゃっ,チャッ,動詞
34,いけ,イケ,動詞
34,より,ヨリ,助詞
34,じゃあ,ジャー,助詞
33,相手,アイテ,名詞
33,そこ,ソコ,名詞
33,気持ち,キモチ,名詞
33,なさい,ナサイ,動詞
32,くる,クル,動詞
32,ほしい,ホシイ,形容詞
32,考え,カンガエ,動詞
32,こいつ,コイツ,名詞
31,いえ,イエ,動詞
31,あげ,アゲ,動詞
31,ただ,タダ,接続詞
31,もらっ,モラッ,動詞
30,ねー,ネー,助詞
30,違う,チガウ,動詞
30,作っ,ツクッ,動詞
30,待っ,マッ,動詞
30,姉ちゃん,ネーチャン,名詞
30,行っ,イッ,動詞
30,さっき,サッキ,名詞
30,いつも,イツモ,副詞
29,はぁ,ハー,感動詞
29,ふたり,フタリ,名詞
28,たり,タリ,助詞
28,まあ,マー,副詞
28,んで,ンデ,助詞
28,もっと,モット,副詞
28,心配,シンパイ,名詞
28,ひとり,ヒトリ,副詞
28,結婚,ケッコン,名詞
28,ヴァイオリン,バイオリン,名詞
27,お願い,オネガイ,名詞
27,こんにちは,コンニチワ,感動詞
27,いう,イウ,動詞
27,しか,シカ,助詞
27,れる,レル,動詞
27,何で,ナンデ,副詞
27,そして,ソシテ,接続詞
27,場所,バショ,名詞
27,可愛い,カワイイ,形容詞
27,バスケ,バスケ,名詞
26,すみません,スミマセン,感動詞
26,ので,ノデ,助詞
26,ほう,ホー,名詞
26,たく,タク,助動詞
26,関係,カンケイ,名詞
26,毎日,マイニチ,名詞
26,話し,ハナシ,動詞
25,知ら,シラ,動詞
25,マジ,マジ,名詞
25,授業,ジュギョー,名詞
25,どんな,ドンナ,連体詞
25,ホント,ホント,名詞
25,すごい,スゴイ,形容詞
25,芽衣,メイ,名詞
25,タイトル,タイトル,名詞
24,言葉,コトバ,名詞
24,はっ,ハッ,感動詞
24,かっ,カッ,動詞
24,結婚式,ケッコンシキ,名詞
24,入っ,ハイッ,動詞
24,意味,イミ,名詞
24,わから,ワカラ,動詞
24,しまい,シマイ,動詞
24,つもり,ツモリ,名詞
24,失礼,シツレイ,名詞
24,いつか,イツカ,名詞
23,でる,デル,動詞
23,ヘン,ヘン,名詞
23,られる,ラレル,動詞
23,うれしい,ウレシイ,形容詞
23,プレゼント,プレゼント,名詞
23,次回,ジカイ,名詞
23,言い,イイ,動詞
22,楽しい,タノシイ,形容詞
22,かけ,カケ,動詞
22,探し,サガシ,動詞
22,持っ,モッ,動詞
22,食べ,タベ,動詞
22,大事,ダイジ,名詞
22,秋生,アキオ,名詞
21,最悪,サイアク,名詞
21,うち,ウチ,名詞
21,しろ,シロ,動詞
21,やり,ヤリ,動詞
21,部員,ブイン,名詞
21,同じ,オナジ,連体詞
21,付き合っ,ツキアッ,動詞
21,幸せ,シアワセ,名詞
21,なんで,ナンデ,副詞
21,練習,レンシュー,名詞
21,オッサン,オッサン,名詞
21,予告,ヨコク,名詞
21,おはよう,オハヨー,感動詞
21,覚え,オボエ,動詞
21,少し,スコシ,副詞
20,頑張っ,ガンバッ,動詞
20,とっ,トッ,動詞
20,とき,トキ,動詞
20,あー,アー,感動詞
20,これから,コレカラ,副詞
20,ちまっ,チマッ,動詞
19,アイツ,アイツ,名詞
19,合唱,ガッショー,名詞
19,早く,ハヤク,形容詞
19,せい,セイ,名詞
19,公子,キミコ,名詞
19,まさか,マサカ,副詞
19,入れ,イレ,動詞
19,無理,ムリ,名詞
19,彼女,カノジョ,名詞
19,じゃん,ジャン,助動詞
19,委員,イイン,名詞
18,試合,シアイ,名詞
18,親父,オヤジ,名詞
18,つい,ツイ,動詞
18,いつ,イツ,名詞
18,坂上,サカガミ,名詞
18,もらえ,モラエ,動詞
18,会長,カイチョー,名詞
18,こんなに,コンナニ,副詞
18,呼ん,ヨン,動詞
18,として,トシテ,助詞
18,どうか,ドーカ,副詞
18,なけれ,ナケレ,助動詞
18,芝居,シバイ,名詞
18,興味,キョーミ,名詞
18,事故,ジコ,名詞
18,いじめ,イジメ,動詞
18,見え,ミエ,動詞
18,子供,コドモ,名詞
17,最後,サイゴ,名詞
17,確か,タシカ,名詞
17,不思議,フシギ,名詞
17,とこ,トコ,名詞
17,こそ,コソ,助詞
17,来る,クル,動詞
17,しよ,シヨ,動詞
17,違い,チガイ,名詞
17,連れ,ツレ,動詞
17,仁科,ニシナ,名詞
17,あんまり,アンマリ,副詞
17,必要,ヒツヨー,名詞
17,年生,ネンセイ,名詞
17,信じ,シンジ,動詞
17,藤林,フジバヤシ,名詞
17,よろしく,ヨロシク,副詞
16,お話,オハナシ,名詞
16,終わっ,オワッ,動詞
16,とい,トイ,動詞
16,あん,アン,動詞
16,すぎ,スギ,名詞
16,よー,ヨー,助詞
16,部屋,ヘヤ,名詞
16,迷惑,メイワク,名詞
16,っていう,ッテユウ,助詞
16,絶対,ゼッタイ,名詞
16,待て,マテ,動詞
16,てめぇ,テメー,名詞
16,緊張,キンチョー,名詞
16,なんだか,ナンダカ,副詞
16,くらい,クライ,助詞
16,ぐらい,グライ,助詞
16,顧問,コモン,名詞
16,読ん,ヨン,動詞
16,それなら,ソレナラ,接続詞
16,そんなに,ソンナニ,副詞
15,本当,ホントー,名詞
15,誕生,タンジョー,名詞
15,どうしても,ドーシテモ,副詞
15,お客,オキャク,名詞
15,とも,トモ,助詞
15,ほど,ホド,助詞
15,うわ,ウワ,感動詞
15,バカ,バカ,名詞
15,やつ,ヤツ,名詞
15,もらう,モラウ,動詞
15,おめでとう,オメデトー,感動詞
15,なきゃ,ナキャ,助動詞
15,思い出し,オモイダシ,動詞
15,邪魔,ジャマ,名詞
15,ばかり,バカリ,助詞
15,帰っ,カエッ,動詞
15,何だ,ナンダ,感動詞
15,休み,ヤスミ,動詞
15,幸村,ユキムラ,名詞
15,存在,ソンザイ,名詞
15,少女,ショージョ,名詞
14,みっ,ミッ,動詞
14,あと,アト,名詞
14,がっ,ガッ,動詞
14,すれ,スレ,動詞
14,すぐ,スグ,副詞
14,よし,ヨシ,形容詞
14,教え,オシエ,動詞
14,ずいぶん,ズイブン,副詞
14,どういう,ドーユウ,連体詞
14,どうせ,ドーセ,副詞
14,ながら,ナガラ,助詞
14,部長,ブチョー,名詞
14,舞台,ブタイ,名詞
14,すかっ,スカッ,形容詞
14,会い,アイ,動詞
14,会っ,アッ,動詞
14,たかっ,タカッ,助動詞
14,結構,ケッコー,副詞
14,陽平,ヨーヘイ,名詞
14,言え,イエ,動詞
14,それでも,ソレデモ,接続詞
14,見せ,ミセ,動詞
13,昨日,キノー,名詞
13,募集,ボシュー,名詞
13,もうすぐ,モースグ,副詞
13,趣味,シュミ,名詞
13,たろ,タロ,助動詞
13,つけ,ツケ,動詞
13,ねん,ネン,助詞
13,なし,ナシ,形容詞
13,なれ,ナレ,動詞
13,まま,ママ,名詞
13,いま,イマ,名詞
13,いか,イカ,動詞
13,おお,オー,感動詞
13,おっ,オッ,動詞
13,たま,タマ,名詞
13,すん,スン,動詞
13,やろ,ヤロ,動詞
13,助け,タスケ,動詞
13,大好き,ダイスキ,名詞
13,勉強,ベンキョー,名詞
13,遅刻,チコク,名詞
13,占い,ウラナイ,名詞
13,彫刻,チョーコク,名詞
13,活動,カツドー,名詞
13,そりゃ,ソリャ,名詞
13,そっち,ソッチ,名詞
13,初めて,ハジメテ,副詞
13,始め,ハジメ,動詞
13,大切,タイセツ,名詞
13,それでは,ソレデワ,接続詞
13,お祝い,オイワイ,名詞
13,いろいろ,イロイロ,副詞
12,負け,マケ,動詞
12,普通,フツー,名詞
12,シュート,シュート,名詞
12,おまじない,オマジナイ,名詞
12,たん,タン,名詞
12,くっ,クッ,動詞
12,さあ,サー,感動詞
12,そっ,ソッ,名詞
12,いらっしゃい,イラッシャイ,動詞
12,教室,キョーシツ,名詞
12,やら,ヤラ,動詞
12,遊び,アソビ,名詞
12,もしか,モシカ,副詞
12,出し,ダシ,動詞
12,ふーん,フーン,感動詞
12,部活,ブカツ,名詞
12,創立,ソーリツ,名詞
12,見つけ,ミツケ,動詞
12,勝手,カッテ,名詞
12,姉さん,ネーサン,名詞
12,もちろん,モチロン,副詞
12,自信,ジシン,名詞
12,帰り,カエリ,動詞
12,皆さん,ミナサン,名詞
12,もう少し,モースコシ,副詞
12,すごく,スゴク,形容詞
12,仕事,シゴト,名詞
12,感じ,カンジ,動詞
12,使っ,ツカッ,動詞
12,今度,コンド,名詞
12,両親,リョーシン,名詞
12,大変,タイヘン,名詞
12,おかげ,オカゲ,名詞
12,ごめん,ゴメン,感動詞
12,そもそも,ソモソモ,副詞
12,音楽,オンガク,名詞
12,学園,ガクエン,名詞
11,説明,セツメイ,名詞
11,論文,ロンブン,名詞
11,買っ,カッ,動詞
11,分かっ,ワカッ,動詞
11,面白い,オモシロイ,形容詞
11,本人,ホンニン,名詞
11,最初,サイショ,名詞
11,すいません,スイマセン,感動詞
11,本気,ホンキ,名詞
11,ショック,ショック,名詞
11,しっかり,シッカリ,副詞
11,図書,トショ,名詞
11,問題,モンダイ,名詞
11,とく,トク,動詞
11,みる,ミル,動詞
11,遊ん,アソン,動詞
11,生き,イキ,動詞
11,小さい,チーサイ,形容詞
11,全部,ゼンブ,名詞
11,冗談,ジョーダン,名詞
11,遠慮,エンリョ,名詞
11,悲しい,カナシイ,形容詞
11,わかり,ワカリ,動詞
11,放課後,ホーカゴ,名詞
11,連中,レンチュー,名詞
11,作る,ツクル,動詞
11,長い,ナガイ,形容詞
11,すぎる,スギル,動詞
11,それで,ソレデ,接続詞
11,聞か,キカ,動詞
11,素敵,ステキ,名詞
11,不良,フリョー,名詞
11,行こ,イコ,動詞
11,さすが,サスガ,副詞
11,簡単,カンタン,名詞
11,決まっ,キマッ,動詞
11,実は,ジツワ,接続詞
11,答え,コタエ,動詞
11,あんな,アンナ,連体詞
10,相談,ソーダン,名詞
10,しばらく,シバラク,副詞
10,分かり,ワカリ,動詞
10,はっきり,ハッキリ,副詞
10,料理,リョーリ,名詞
10,記憶,キオク,名詞
10,ごめんなさい,ゴメンナサイ,感動詞
10,高校,コーコー,名詞
10,お前,オマエ,名詞
10,頑張り,ガンバリ,動詞
10,くださっ,クダサッ,動詞
10,ちっ,チッ,動詞
10,っす,ッス,助動詞
10,っけ,ッケ,助詞
10,ねっ,ネッ,動詞
10,まぁ,マー,感動詞
10,いら,イラ,動詞
10,あら,アラ,名詞
10,こら,コラ,感動詞
10,たっ,タッ,動詞
10,受け取っ,ウケトッ,動詞
10,アホ,アホ,名詞
10,やれ,ヤレ,動詞
10,らしい,ラシイ,助動詞
10,仲間,ナカマ,名詞
10,代わり,カワリ,名詞
10,停学,テイガク,名詞
10,挨拶,アイサツ,名詞
10,幽霊,ユーレイ,名詞
10,呼ぶ,ヨブ,動詞
10,部室,ブシツ,名詞
10,途中,トチュー,名詞
10,美術,ビジュツ,名詞
10,ボタン,ボタン,名詞
10,弁当,ベントー,名詞
10,休ん,ヤスン,動詞
10,他人,タニン,名詞
10,ちゃう,チャウ,動詞
10,集め,アツメ,動詞
10,置い,オイ,動詞
10,続け,ツズケ,動詞
10,女子,ジョシ,名詞
10,行き,イキ,動詞
10,せっかく,セッカク,副詞
10,はじめまして,ハジメマシテ,感動詞
10,仲良く,ナカヨク,副詞
10,変わっ,カワッ,動詞
10,電話,デンワ,名詞
10,下さい,クダサイ,動詞
10,見る,ミル,動詞
10,あげる,アゲル,動詞
10,こういう,コーユウ,連体詞
9,確かめ,タシカメ,動詞
9,駄目,ダメ,名詞
9,貸し,カシ,動詞
9,諦め,アキラメ,動詞
9,お茶,オチャ,名詞
9,名字,ミョージ,名詞
9,わざわざ,ワザワザ,副詞
9,っ子,ッコ,名詞
9,とけ,トケ,動詞
9,なー,ナー,助詞
9,なあ,ナー,助詞
9,ねえ,ネー,助動詞
9,へぇ,ヘー,感動詞
9,べき,ベキ,助動詞
9,クラス,クラス,名詞
9,ええ,エエ,形容詞
9,さぁ,サー,感動詞
9,こい,コイ,動詞
9,せる,セル,動詞
9,ウチ,ウチ,名詞
9,書い,カイ,動詞
9,こないだ,コナイダ,名詞
9,わぁ,ワー,感動詞
9,やめ,ヤメ,動詞
9,りえ,リエ,名詞
9,入学,ニューガク,名詞
9,よしっ,ヨシッ,感動詞
9,いっぱい,イッパイ,副詞
9,感謝,カンシャ,名詞
9,もらい,モライ,動詞
9,返し,カエシ,動詞
9,人間,ニンゲン,名詞
9,とりあえず,トリアエズ,副詞
9,無駄,ムダ,名詞
9,男の子,オトコノコ,名詞
9,いただき,イタダキ,動詞
9,復活,フッカツ,名詞
9,ぬいぐるみ,ヌイグルミ,名詞
9,本当は,ホントーワ,副詞
9,近所,キンジョ,名詞
9,元気,ゲンキ,名詞
9,よーし,ヨーシ,感動詞
9,自然,シゼン,名詞
9,はいっ,ハイッ,動詞
9,とにかく,トニカク,副詞
9,はーい,ハーイ,感動詞
9,帰る,カエル,動詞
9,ひょっと,ヒョット,名詞
9,会わ,アワ,動詞
9,兄ちゃん,ニーチャン,名詞
9,もらえる,モラエル,動詞
9,一応,イチオー,副詞
9,つまり,ツマリ,動詞
9,僕ら,ボクラ,名詞
9,ってな,ッテナ,助詞
9,絵本,エホン,名詞
9,思わ,オモワ,動詞
9,チラシ,チラシ,名詞
9,嫌い,キライ,名詞
9,うまく,ウマク,形容詞
9,かよっ,カヨッ,動詞
9,優しい,ヤサシイ,形容詞
9,次第,シダイ,名詞
9,忙しい,イソガシイ,形容詞
9,小僧,コゾー,名詞
9,楽しかっ,タノシカッ,形容詞
9,おととい,オトトイ,名詞
9,あまり,アマリ,名詞
9,こうして,コーシテ,接続詞
8,分から,ワカラ,動詞
8,分かる,ワカル,動詞
8,病院,ビョーイン,名詞
8,許可,キョカ,名詞
8,蹴り,ケリ,動詞
8,真剣,シンケン,名詞
8,ちょ,チョ,名詞
8,ほか,ホカ,名詞
8,いき,イキ,動詞
8,きり,キリ,名詞
8,おけ,オケ,動詞
8,起き,オキ,動詞
8,バイ,バイ,名詞
8,わる,ワル,名詞
8,そのうち,ソノウチ,副詞
8,痛い,イタイ,形容詞
8,逃げ,ニゲ,動詞
8,通り,トーリ,名詞
8,出る,デル,動詞
8,嬉しい,ウレシイ,形容詞
8,選挙,センキョ,名詞
8,暮らし,クラシ,名詞
8,恥ずかしい,ハズカシイ,形容詞
8,生まれ,ウマレ,動詞
8,どうも,ドーモ,副詞
8,どっち,ドッチ,名詞
8,合わせ,アワセ,動詞
8,弱い,ヨワイ,形容詞
8,一つ,ヒトツ,名詞
8,帰れ,カエレ,動詞
8,一生懸命,イッショーケンメイ,名詞
8,しまう,シマウ,動詞
8,悪く,ワルク,形容詞
8,せめて,セメテ,副詞
8,そいつ,ソイツ,名詞
8,以上,イジョー,名詞
8,上手,ジョーズ,名詞
8,たぶん,タブン,副詞
8,たった,タッタ,副詞
8,借り,カリ,名詞
8,天才,テンサイ,名詞
8,手伝っ,テツダッ,動詞
8,頼む,タノム,動詞
8,美佐枝,ミサエ,名詞
8,決め,キメ,動詞
8,気分,キブン,名詞
8,大勢,タイセイ,名詞
8,みなさん,ミナサン,名詞
8,話す,ハナス,動詞
8,磯貝,イソガイ,名詞
8,そうですね,ソーデスネ,フィラー
8,いいえ,イーエ,感動詞
7,読書,ドクショ,名詞
7,普段,フダン,名詞
7,喧嘩,ケンカ,名詞
7,祝っ,イワッ,動詞
7,発表,ハッピョー,名詞
7,祭り,マツリ,名詞
7,勝負,ショーブ,名詞
7,馬鹿,バカ,名詞
7,未来,ミライ,名詞
7,出かけ,デカケ,動詞
7,卒業,ソツギョー,名詞
7,お互い,オタガイ,名詞
7,っと,ット,助詞
7,なぜ,ナゼ,副詞
7,みよ,ミヨ,動詞
7,いれ,イレ,動詞
7,がる,ガル,動詞
7,えと,エト,フィラー
7,ぜん,ゼン,名詞
7,方法,ホーホー,名詞
7,バス,バス,名詞
7,受験,ジュケン,名詞
7,もし,モシ,副詞
7,よぅ,ヨー,形容詞
7,用事,ヨージ,名詞
7,なかなか,ナカナカ,副詞
7,勝っ,カッ,動詞
7,遠い,トーイ,形容詞
7,別に,ベツニ,副詞
7,修理,シューリ,名詞
7,揃っ,ソロッ,動詞
7,ゆうべ,ユーベ,名詞
7,いじめる,イジメル,動詞
7,入り,ハイリ,動詞
7,しょうが,ショーガ,名詞
7,参加,サンカ,名詞
7,感動,カンドー,名詞
7,戻っ,モドッ,動詞
7,先輩,センパイ,名詞
7,周り,マワリ,名詞
7,加減,カゲン,名詞
7,いきなり,イキナリ,副詞
7,全然,ゼンゼン,副詞
7,どちら,ドチラ,名詞
7,なにか,ナニカ,副詞
7,知り合い,シリアイ,名詞
7,かわいい,カワイイ,形容詞
7,ひとつ,ヒトツ,名詞
7,考える,カンガエル,動詞
7,渡し,ワタシ,動詞
7,準備,ジュンビ,名詞
7,手伝い,テツダイ,動詞
7,うまい,ウマイ,形容詞
7,泣き,ナキ,動詞
7,泣く,ナク,動詞
7,紹介,ショーカイ,名詞
7,頼ま,タノマ,動詞
7,行か,イカ,動詞
7,こちら,コチラ,名詞
7,大人,オトナ,名詞
7,お世話,オセワ,名詞
7,がんばっ,ガンバッ,動詞
7,認め,ミトメ,動詞
7,最高,サイコー,名詞
7,難しい,ムズカシイ,形容詞
7,いたん,イタン,動詞
7,バイク,バイク,名詞
7,いくら,イクラ,名詞
7,いろんな,イロンナ,連体詞
6,困り,コマリ,動詞
6,楽しく,タノシク,形容詞
6,ご飯,ゴハン,名詞
6,いよいよ,イヨイヨ,副詞
6,楽し,タノシ,形容詞
6,本番,ホンバン,名詞
6,ゆっくり,ユックリ,副詞
6,校内,コーナイ,名詞
6,ピクニック,ピクニック,名詞
6,多い,オーイ,形容詞
6,知り,シリ,動詞
6,資料,シリョー,名詞
6,質問,シツモン,名詞
6,増え,フエ,動詞
6,てん,テン,動詞
6,だめ,ダメ,名詞
6,責任,セキニン,名詞
6,うっ,ウッ,動詞
6,かい,カイ,助詞
6,させ,サセ,動詞
6,そん,ソン,名詞
6,だし,ダシ,名詞
6,そば,ソバ,名詞
6,眠っ,ネムッ,動詞
6,上手く,ウマク,形容詞
6,掃除,ソージ,名詞
6,カッコ,カッコ,名詞
6,ボケ,ボケ,名詞
6,ヒマ,ヒマ,名詞
6,男子,ダンシ,名詞
6,わか,ワカ,動詞
6,わっ,ワッ,副詞
6,再建,サイケン,名詞
6,遅く,オソク,形容詞
6,父さん,トーサン,名詞
6,起こし,オコシ,動詞
6,会話,カイワ,名詞
6,いただけ,イタダケ,動詞
6,いただい,イタダイ,動詞
6,無視,ムシ,名詞
6,動物,ドーブツ,名詞
6,落ち着い,オチツイ,動詞
6,想像,ソーゾー,名詞
6,んじゃ,ンジャ,接続詞
6,欲しい,ホシイ,形容詞
6,出来,デキ,名詞
6,タイミング,タイミング,名詞
6,付き合い,ツキアイ,名詞
6,退院,タイイン,名詞
6,当たり前,アタリマエ,名詞
6,見舞い,ミマイ,名詞
6,彫っ,ホッ,動詞
6,演技,エンギ,名詞
6,強い,ツヨイ,形容詞
6,強く,ツヨク,形容詞
6,悪かっ,ワルカッ,形容詞
6,ひどい,ヒドイ,形容詞
6,夏休み,ナツヤスミ,名詞
6,帰ろ,カエロ,動詞
6,興奮,コーフン,名詞
6,大きい,オーキイ,形容詞
6,作り,ズクリ,名詞
6,しかも,シカモ,接続詞
6,美しい,ウツクシイ,形容詞
6,会え,アエ,動詞
6,三井,ミツイ,名詞
6,予定,ヨテイ,名詞
6,聞く,キク,動詞
6,人数,ニンズー,名詞
6,今回,コンカイ,名詞
6,約束,ヤクソク,名詞
6,お手伝い,オテツダイ,名詞
6,事情,ジジョー,名詞
6,結局,ケッキョク,名詞
6,思え,オモエ,動詞
6,素直,スナオ,名詞
6,仕方,シカタ,名詞
6,ご馳走,ゴチソー,名詞
6,手伝う,テツダウ,動詞
6,女性,ジョセイ,名詞
6,泊め,トメ,動詞
6,集まっ,アツマッ,動詞
6,きのう,キノー,名詞
6,かしら,カシラ,助詞
6,かなり,カナリ,副詞
6,セリフ,セリフ,名詞
6,タイプ,タイプ,名詞
6,食っ,クッ,動詞
6,食い,クイ,動詞
6,ビデオ,ビデオ,名詞
6,訊く,キク,動詞
6,訊い,キイ,動詞
6,騒ぎ,サワギ,名詞
6,久しぶり,ヒサシブリ,名詞
6,にとって,ニトッテ,助詞
6,歌い,ウタイ,動詞
6,寂し,サビシ,形容詞
6,見ろ,ミロ,動詞
6,いかが,イカガ,名詞
5,調子,チョーシ,名詞
5,有名,ユーメイ,名詞
5,補習,ホシュー,名詞
5,譲っ,ユズッ,動詞
5,終わり,オワリ,動詞
5,喜ん,ヨロコン,動詞
5,相変わらず,アイカワラズ,副詞
5,同士,ドーシ,名詞
5,聞こえ,キコエ,動詞
5,頑張れ,ガンバレ,動詞
5,売れ,ウレ,動詞
5,早い,ハヤイ,形容詞
5,取れる,トレル,動詞
5,珍しい,メズラシイ,形容詞
5,のら,ノラ,動詞
5,どれ,ドレ,名詞
5,まず,マズ,副詞
5,まっ,マッ,接頭詞
5,おいおい,オイオイ,副詞
5,うう,ウー,形容詞
5,おき,オキ,動詞
5,留学,リューガク,名詞
5,ギャグ,ギャグ,名詞
5,ごみ,ゴミ,名詞
5,げっ,ゲッ,感動詞
5,くま,クマ,名詞
5,来れ,クレ,動詞
5,足り,タリ,動詞
5,教師,キョーシ,名詞
5,ぼーっと,ボーット,副詞
5,フン,フン,名詞
5,クマ,クマ,名詞
5,よそ,ヨソ,名詞
5,黙っ,ダマッ,動詞
5,おもしろい,オモシロイ,形容詞
5,痛く,イタク,形容詞
5,揃え,ソロエ,動詞
5,ばっかり,バッカリ,助詞
5,プライバシー,プライバシー,名詞
5,我慢,ガマン,名詞
5,物語,モノガタリ,名詞
5,出す,ダス,動詞
5,伝説,デンセツ,名詞
5,切っ,キッ,動詞
5,気がつい,キガツイ,動詞
5,手紙,テガミ,名詞
5,小さな,チーサナ,連体詞
5,特別,トクベツ,名詞
5,あんなに,アンナニ,副詞
5,手裏剣,シュリケン,名詞
5,意外と,イガイト,副詞
5,努力,ドリョク,名詞
5,わかる,ワカル,動詞
5,新しい,アタラシイ,形容詞
5,受け,ウケ,動詞
5,言える,イエル,動詞
5,写真,シャシン,名詞
5,逃げる,ニゲル,動詞
5,合う,アウ,動詞
5,世界中,セカイジュー,名詞
5,特に,トクニ,副詞
5,道具,ドーグ,名詞
5,運動,ウンドー,名詞
5,めちゃくちゃ,メチャクチャ,名詞
5,どっか,ドッカ,名詞
5,向こう,ムコー,名詞
5,弾い,ヒイ,動詞
5,思い出せ,オモイダセ,動詞
5,苦手,ニガテ,名詞
5,ついてる,ツイテル,動詞
5,焼い,ヤイ,動詞
5,乗っ,ノッ,動詞
5,宮沢,ミヤザワ,名詞
5,寂しく,サビシク,形容詞
5,雰囲気,フンイキ,名詞
5,付け,ツケ,動詞
5,大きな,オーキナ,連体詞
5,作ろ,ツクロ,動詞
5,しかし,シカシ,接続詞
5,すまん,スマン,感動詞
5,じゃっ,ジャッ,動詞
5,任せ,マカセ,動詞
5,慣れ,ナレ,動詞
5,彼氏,カレシ,名詞
5,当然,トーゼン,副詞
5,不明,フメイ,名詞
5,愛し,アイシ,動詞
5,気づい,キズイ,動詞
5,使わ,ツカワ,動詞
5,恋人,コイビト,名詞
5,だから,ダカラ,接続詞
5,一生,イッショー,名詞
5,一番,イチバン,名詞
5,待た,マタ,動詞
5,人形,ニンギョー,名詞
5,何だか,ナンダカ,副詞
5,隠し,カクシ,動詞
5,保健,ホケン,名詞
5,さっさと,サッサト,副詞
5,人気,ニンキ,名詞
5,幻想,ゲンソー,名詞
5,うわっ,ウワッ,動詞
5,童話,ドーワ,名詞
5,えらい,エライ,形容詞
5,嫌わ,キラワ,動詞
5,泣か,ナカ,動詞
5,泣い,ナイ,動詞
5,行け,イケ,動詞
5,ラグビー,ラグビー,名詞
5,残念,ザンネン,名詞
5,きれい,キレイ,名詞
5,正直,ショージキ,名詞
5,消え,キエ,動詞
5,について,ニツイテ,助詞
5,ほっとけ,ホットケ,動詞
5,誰か,ダレカ,名詞
5,校舎,コーシャ,名詞
5,様子,ヨース,名詞
5,それとも,ソレトモ,接続詞
5,バスケットボール,バスケットボール,名詞
5,いやぁ,イヤー,感動詞
5,行動,コードー,名詞
5,居る,イル,動詞
5,残っ,ノコッ,動詞
4,にぎやか,ニギヤカ,名詞
4,説教,セッキョー,名詞
4,お金,オカネ,名詞
4,困る,コマル,動詞
4,買い,カイ,動詞
4,祐介,ユースケ,名詞
4,告白,コクハク,名詞
4,上がら,アガラ,動詞
4,楽しみ,タノシミ,名詞
4,目標,モクヒョー,名詞
4,有紀,ユーキ,名詞
4,終わら,オワラ,動詞
4,本物,ホンモノ,名詞
4,話しかけ,ハナシカケ,動詞
4,勧誘,カンユー,名詞
4,構え,カマエ,動詞
4,はじめて,ハジメテ,副詞
4,衣装,イショー,名詞
4,時々,トキドキ,副詞
4,知れ,シレ,動詞
4,サボっ,サボッ,動詞
4,サイン,サイン,名詞
4,お昼,オヒル,名詞
4,ケンカ,ケンカ,名詞
4,してやろ,シテヤロ,動詞
4,だり,ダリ,助詞
4,つき,ツキ,動詞
4,つく,ツク,動詞
4,散歩,サンポ,名詞
4,とれ,トレ,動詞
4,なろ,ナロ,動詞
4,にゃ,ニャ,助詞
4,むぎ,ムギ,名詞
4,みろ,ミロ,動詞
4,いこ,イコ,動詞
4,くそ,クソ,接頭詞
4,えー,エー,フィラー
4,かな,カナ,名詞
4,おく,オク,動詞
4,しっ,シッ,動詞
4,こん,コン,名詞
4,来ら,キタラ,動詞
4,来い,コイ,動詞
4,ずつ,ズツ,助詞
4,しま,シマ,名詞
4,しゃ,シャ,動詞
4,すげ,スゲ,動詞
4,らっしゃい,ラッシャイ,動詞
4,日曜,ニチヨー,名詞
4,いらっしゃる,イラッシャル,動詞
4,常習犯,ジョーシューハン,名詞
4,理由,リユー,名詞
4,アリ,アリ,名詞
4,ケガ,ケガ,名詞
4,リラックス,リラックス,名詞
4,似合う,ニアウ,動詞
4,全員,ゼンイン,名詞
4,よけれ,ヨケレ,形容詞
4,疲れ,ツカレ,動詞
4,優勝,ユーショー,名詞
4,感覚,カンカク,名詞
4,遠く,トーク,名詞
4,意見,イケン,名詞
4,選ん,エラン,動詞
4,偶然,グーゼン,名詞
4,生まれる,ウマレル,動詞
4,進ん,ススン,動詞
4,交通,コーツー,名詞
4,迎え,ムカエ,動詞
4,迷っ,マヨッ,動詞
4,甘い,アマイ,形容詞
4,まるで,マルデ,副詞
4,状況,ジョーキョー,名詞
4,切れ,ギレ,名詞
4,よろしけれ,ヨロシケレ,形容詞
4,人達,ヒトタチ,名詞
4,体育,タイイク,名詞
4,不足,フソク,名詞
4,一部,イチブ,名詞
4,才能,サイノー,名詞
4,いつの間にか,イツノマニカ,副詞
4,状態,ジョータイ,名詞
4,入る,ハイル,動詞
4,参上,サンジョー,名詞
4,入院,ニューイン,名詞
4,我が,ワガ,連体詞
4,連絡,レンラク,名詞
4,役者,ヤクシャ,名詞
4,やる気,ヤルキ,名詞
4,呼び,ヨビ,動詞
4,憧れ,アコガレ,動詞
4,入部,ニューブ,名詞
4,落とし,オトシ,動詞
4,日曜日,ニチヨービ,名詞
4,取る,トル,動詞
4,取ら,トラ,動詞
4,おかえりなさい,オカエリナサイ,感動詞
4,制服,セイフク,名詞
4,始める,ハジメル,動詞
4,内緒,ナイショ,名詞
4,引っ張っ,ヒッパッ,動詞
4,通学,ツーガク,名詞
4,あるいは,アルイワ,接続詞
4,ありがと,アリガト,感動詞
4,レギュラー,レギュラー,名詞
4,付き合う,ツキアウ,動詞
4,進路,シンロ,名詞
4,落ち,オチ,動詞
4,良い,ヨイ,形容詞
4,切り抜い,キリヌイ,動詞
4,引く,ヒク,動詞
4,ばっか,バッカ,助詞
4,美人,ビジン,名詞
4,学生,ガクセイ,名詞
4,寂しい,サビシイ,形容詞
4,マーク,マーク,名詞
4,美少女,ビショージョ,名詞
4,店番,ミセバン,名詞
4,大げさ,オーゲサ,名詞
4,挙げる,アゲル,動詞
4,開け,アケ,動詞
4,一体,イッタイ,名詞
4,任し,マカシ,動詞
4,応援,オーエン,名詞
4,不器用,ブキヨー,名詞
4,そちら,ソチラ,名詞
4,聞き,キキ,動詞
4,後ろ,ウシロ,名詞
4,ちまう,チマウ,動詞
4,レベル,レベル,名詞
4,隠さ,カクサ,動詞
4,ていう,テユウ,助詞
4,式場,シキジョー,名詞
4,燃やし,モヤシ,動詞
4,とおり,トーリ,名詞
4,怒ら,オコラ,動詞
4,荷物,ニモツ,名詞
4,できれ,デキレ,動詞
4,可哀想,カワイソー,名詞
4,今朝,ケサ,名詞
4,地雷,ジライ,名詞
4,目指し,メザシ,動詞
4,手作り,テズクリ,名詞
4,静か,シズカ,名詞
4,続く,ツズク,動詞
4,続き,ツズキ,名詞
4,頼み,タノミ,名詞
4,サッカー,サッカー,名詞
4,えーと,エート,フィラー
4,えーッ,エーッ,感動詞
4,テレビ,テレビ,名詞
4,失敗,シッパイ,名詞
4,如来,ニョライ,名詞
4,うーん,ウーン,感動詞
4,天気,テンキ,名詞
4,武具,ブグ,名詞
4,下級生,カキューセイ,名詞
4,立派,リッパ,名詞
4,さてと,サテト,感動詞
4,こらぁ,コラー,感動詞
4,変わら,カワラ,動詞
4,間違い,マチガイ,名詞
4,ごらん,ゴラン,名詞
4,夢中,ムチュー,名詞
4,完全,カンゼン,名詞
4,構わ,カマワ,動詞
4,婚約,コンヤク,名詞
4,禁止,キンシ,名詞
4,宇宙,ウチュー,名詞
4,調べ,シラベ,動詞
4,読ま,ヨマ,動詞
4,誘っ,サソッ,動詞
4,かえって,カエッテ,副詞
4,立ち,タチ,動詞
4,過ごし,スゴシ,動詞
4,買い物,カイモノ,名詞
4,馬具,バグ,名詞
4,柔道,ジュードー,名詞
4,チャンス,チャンス,名詞
4,そろそろ,ソロソロ,副詞
4,ううん,ウーン,感動詞
4,寝る,ネル,動詞
4,いずれ,イズレ,名詞
4,音響,オンキョー,名詞
4,いっか,イッカ,名詞
4,続ける,ツズケル,動詞
4,いいっ,イイッ,形容詞
4,残し,ノコシ,動詞
3,もしもし,モシモシ,感動詞
3,東京,トーキョー,名詞
3,不自然,フシゼン,名詞
3,泣ける,ナケル,動詞
3,覚ます,サマス,動詞
3,エッチ,エッチ,名詞
3,条件,ジョーケン,名詞
3,時空,ジクー,名詞
3,いやいや,イヤイヤ,名詞
3,ぼんやり,ボンヤリ,名詞
3,回っ,マワッ,動詞
3,旅行,リョコー,名詞
3,いただける,イタダケル,動詞
3,右腕,ウワン,名詞
3,可能,カノー,名詞
3,参考,サンコー,名詞
3,アウト,アウト,名詞
3,複雑,フクザツ,名詞
3,評判,ヒョーバン,名詞
3,呪文,ジュモン,名詞
3,味方,ミカタ,名詞
3,ＣＤ,シーディー,名詞
3,うれしかっ,ウレシカッ,形容詞
3,幼稚園,ヨーチエン,名詞
3,どんなに,ドンナニ,副詞
3,記念,キネン,名詞
3,即答,ソクトー,名詞
3,格好,カッコー,名詞
3,母さん,カーサン,名詞
3,喜び,ヨロコビ,動詞
3,お腹,オナカ,名詞
3,証人,ショーニン,名詞
3,反応,ハンノー,名詞
3,校則,コーソク,名詞
3,口実,コージツ,名詞
3,ますます,マスマス,副詞
3,謝ら,アヤマラ,動詞
3,謝っ,アヤマッ,動詞
3,メンバー,メンバー,名詞
3,多く,オーク,名詞
3,夕べ,ユーベ,名詞
3,変え,カエ,動詞
3,賛成,サンセイ,名詞
3,盛り上げる,モリアゲル,動詞
3,めっちゃ,メッチャ,副詞
3,しつこい,シツコイ,形容詞
3,土曜,ドヨー,名詞
3,頑張る,ガンバル,動詞
3,頑張ろ,ガンバロ,動詞
3,支度,シタク,名詞
3,器用,キヨー,名詞
3,指輪,ユビワ,名詞
3,受ける,ウケル,動詞
3,てっ,テッ,動詞
3,てぇ,テー,助動詞
3,てろ,テロ,動詞
3,だれ,ダレ,名詞
3,だら,ダラ,助動詞
3,のっ,ノッ,動詞
3,どー,ドー,副詞
3,とん,トン,動詞
3,ども,ドモ,名詞
3,ふむ,フム,動詞
3,ぶん,ブン,名詞
3,へっ,ヘッ,感動詞
3,まて,マテ,動詞
3,みれ,ミレ,動詞
3,ほれ,ホレ,動詞
3,用意,ヨーイ,名詞
3,いろ,イロ,動詞
3,懐かしい,ナツカシイ,形容詞
3,いよ,イヨ,動詞
3,うい,ウイ,動詞
3,あい,アイ,動詞
3,あう,アウ,動詞
3,あぁ,アー,感動詞
3,誤解,ゴカイ,名詞
3,きみ,キミ,名詞
3,おり,オリ,動詞
3,かね,カネ,動詞
3,おら,オラ,動詞
3,かぁ,カー,助詞
3,おう,オウ,動詞
3,さえ,サエ,助詞
3,ごと,ゴト,名詞
3,さっ,サッ,動詞
3,こっ,コッ,動詞
3,すま,スマ,動詞
3,すみ,スミ,動詞
3,土曜日,ドヨービ,名詞
3,眠り,ネムリ,動詞
3,なんとなく,ナントナク,副詞
3,話題,ワダイ,名詞
3,いらっしゃら,イラッシャラ,動詞
3,繰り返し,クリカエシ,名詞
3,喫茶店,キッサテン,名詞
3,ネコ,ネコ,名詞
3,ハイ,ハイ,名詞
3,ヘタ,ヘタ,名詞
3,救急,キューキュー,名詞
3,預かっ,アズカッ,動詞
3,パス,パス,名詞
3,キミ,キミ,名詞
3,ゼロ,ゼロ,名詞
3,らん,ラン,名詞
3,らい,ライ,名詞
3,らし,ラシ,助動詞
3,似合い,ニアイ,動詞
3,拍手,ハクシュ,名詞
3,いったい,イッタイ,副詞
3,光景,コーケイ,名詞
3,ほんとに,ホントニ,副詞
3,勝ち,ガチ,名詞
3,動い,ウゴイ,動詞
3,剃り,スリ,動詞
3,遅れ,オクレ,動詞
3,遅い,オソイ,形容詞
3,遊ぶ,アソブ,動詞
3,余裕,ヨユー,名詞
3,余計,ヨケイ,副詞
3,理屈,リクツ,名詞
3,起きろ,オキロ,動詞
3,休部,キューブ,名詞
3,送っ,オクッ,動詞
3,入れる,イレル,動詞
3,やっと,ヤット,副詞
3,通っ,カヨッ,動詞
3,特許,トッキョ,名詞
3,やめろ,ヤメロ,動詞
3,チェンジ,チェンジ,名詞
3,冷え,ヒエ,動詞
3,間に合わ,マニアワ,動詞
3,物置,モノオキ,名詞
3,まとも,マトモ,名詞
3,見逃し,ミノガシ,動詞
3,迷い,マヨイ,動詞
3,まずい,マズイ,形容詞
3,まずは,マズワ,接続詞
3,出ろ,シュツロ,名詞
3,侵略,シンリャク,名詞
3,犠牲,ギセイ,名詞
3,位置,イチ,名詞
3,身体,シンタイ,名詞
3,放っ,ハナッ,動詞
3,優し,ヤサシ,形容詞
3,親衛隊,シンエイタイ,名詞
3,キューピッド,キューピッド,名詞
3,居留守,イルス,名詞
3,言い方,イーカタ,名詞
3,アドバイス,アドバイス,名詞
3,払っ,ハラッ,動詞
3,心臓,シンゾー,名詞
3,分裂,ブンレツ,名詞
3,コンクール,コンクール,名詞
3,しゃべっ,シャベッ,動詞
3,戻る,モドル,動詞
3,もともと,モトモト,副詞
3,のんびり,ノンビリ,副詞
3,悪戯,イタズラ,名詞
3,危ない,アブナイ,形容詞
3,心理,シンリ,名詞
3,十分,ジューブン,名詞
3,協力,キョーリョク,名詞
3,必殺,ヒッサツ,名詞
3,年間,ネンカン,名詞
3,効果,コーカ,名詞
3,照明,ショーメイ,名詞
3,怪我,ケガ,名詞
3,見つかっ,ミツカッ,動詞
3,見つから,ミツカラ,動詞
3,都会,トカイ,名詞
3,悲しみ,カナシミ,動詞
3,取れ,トレ,動詞
3,もしかして,モシカシテ,副詞
3,振っ,フッ,動詞
3,古い,フルイ,形容詞
3,叶え,カナエ,動詞
3,逃げろ,ニゲロ,動詞
3,始まっ,ハジマッ,動詞
3,挙げ,アゲ,動詞
3,合っ,アッ,動詞
3,合い,アイ,動詞
3,向い,ムイ,動詞
3,全校,ゼンコー,名詞
3,温かく,アタタカク,形容詞
3,あらゆる,アラユル,連体詞
3,配り,クバリ,動詞
3,拾っ,ヒロッ,動詞
3,持つ,モツ,動詞
3,感心,カンシン,名詞
3,思わず,オモワズ,副詞
3,少ない,スクナイ,形容詞
3,距離,キョリ,名詞
3,付き合え,ツキアエ,動詞
3,出席,シュッセキ,名詞
3,無事,ブジ,名詞
3,押し,オシ,動詞
3,職員,ショクイン,名詞
3,実際,ジッサイ,副詞
3,背中,セナカ,名詞
3,浜辺,ハマベ,名詞
3,演奏,エンソー,名詞
3,よっしゃ,ヨッシャ,感動詞
3,週間,シューカン,名詞
3,過酷,カコク,名詞
3,なんと,ナント,副詞
3,自由,ジユー,名詞
3,弾け,ヒケ,動詞
3,うろつい,ウロツイ,動詞
3,っぱなし,ッパナシ,名詞
3,片っ端,カタッパシ,名詞
3,この間,コノカン,名詞
3,うるさい,ウルサイ,形容詞
3,役に立ち,ヤクニタチ,動詞
3,引い,ヒイ,動詞
3,不可能,フカノー,名詞
3,何もかも,ナニモカモ,副詞
3,ボール,ボール,名詞
3,詳しい,クワシイ,形容詞
3,詳しく,クワシク,形容詞
3,はやっ,ハヤッ,動詞
3,ペース,ペース,名詞
3,上っ,ノボッ,動詞
3,銀河,ギンガ,名詞
3,人々,ヒトビト,名詞
3,付い,ツイ,動詞
3,ぶつけ,ブツケ,動詞
3,代っ,カワッ,動詞
3,荒れ,アレ,動詞
3,自己,ジコ,名詞
3,綺麗,キレイ,名詞
3,おっしゃっ,オッシャッ,動詞
3,野郎,ヤロー,名詞
3,オッパイ,オッパイ,名詞
3,お呼び,オヨビ,名詞
3,大した,タイシタ,連体詞
3,済む,スム,動詞
3,カッコイイ,カッコイイ,形容詞
3,決心,ケッシン,名詞
3,英語,エイゴ,名詞
3,芳野,ヨシノ,名詞
3,しょっ,ショッ,動詞
3,惚れ,ホレ,動詞
3,しかた,シカタ,名詞
3,によって,ニヨッテ,助詞
3,伝え,ツタエ,動詞
3,愛する,アイスル,動詞
3,直ちに,タダチニ,副詞
3,悩ん,ナヤン,動詞
3,休む,ヤスム,動詞
3,満ち,ミチ,動詞
3,並木,ナミキ,名詞
3,注意,チューイ,名詞
3,母親,ハハオヤ,名詞
3,耐え,タエ,動詞
3,真面目,マジメ,名詞
3,当日,トージツ,名詞
3,徹夜,テツヤ,名詞
3,中心,チューシン,名詞
3,そっと,ソット,副詞
3,得意,トクイ,名詞
3,中学,チューガク,名詞
3,へいへい,ヘイヘイ,副詞
3,話せる,ハナセル,動詞
3,イライラ,イライラ,名詞
3,自覚,ジカク,名詞
3,必ず,カナラズ,副詞
3,納得,ナットク,名詞
3,河童,カッパ,名詞
3,おやすみなさい,オヤスミナサイ,感動詞
3,展開,テンカイ,名詞
3,差し入れ,サシイレ,名詞
3,永遠,エイエン,名詞
3,以外,イガイ,名詞
3,ルール,ルール,名詞
3,今夜,コンヤ,名詞
3,自身,ジシン,名詞
3,倒し,タオシ,動詞
3,結果,ケッカ,名詞
3,休止,キューシ,名詞
3,駆けつけ,カケツケ,動詞
3,っぽい,ッポイ,形容詞
3,ついに,ツイニ,副詞
3,粉米,コゴメ,名詞
3,今更,イマサラ,名詞
3,なんとか,ナントカ,副詞
3,夫妻,フサイ,名詞
3,えぐっ,エグッ,動詞
3,コーヒー,コーヒー,名詞
3,求め,モトメ,動詞
3,立てる,タテル,動詞
3,ぜんぜん,ゼンゼン,副詞
3,変態,ヘンタイ,名詞
3,正しい,タダシイ,形容詞
3,トイレ,トイレ,名詞
3,ストップ,ストップ,名詞
3,かわり,カワリ,名詞
3,きたっ,キタッ,動詞
3,ナイス,ナイス,名詞
3,かかっ,カカッ,動詞
3,かかる,カカル,動詞
3,妖怪,ヨーカイ,名詞
3,当たっ,アタッ,動詞
3,かなう,カナウ,動詞
3,毎度,マイド,名詞
3,ありがたい,アリガタイ,形容詞
3,プレッシャー,プレッシャー,名詞
3,地球,チキュー,名詞
3,気合,キアイ,名詞
3,流さ,ナガサ,動詞
3,面倒,メンドー,名詞
3,正式,セイシキ,名詞
3,願い,ネガイ,名詞
3,突然,トツゼン,副詞
3,センス,センス,名詞
3,ウミウシ,ウミウシ,名詞
3,おーい,オーイ,感動詞
3,決める,キメル,動詞
3,仲良し,ナカヨシ,名詞
3,決まり,キマリ,動詞
3,叶えよ,カナエヨ,動詞
3,変わる,カワル,動詞
3,タッチ,タッチ,名詞
3,そこはかとなく,ソコハカトナク,形容詞
3,ダブっ,ダブッ,動詞
3,大体,ダイタイ,名詞
3,飛ん,トン,動詞
3,変える,カエル,動詞
3,食わ,クワ,動詞
3,紛れ,マギレ,動詞
3,許せ,ユルセ,動詞
3,最近,サイキン,名詞
3,無関係,ムカンケイ,名詞
3,賑やか,ニギヤカ,名詞
3,ほっとい,ホットイ,動詞
3,がんばり,ガンバリ,動詞
3,読み,ヨミ,動詞
3,安心,アンシン,名詞
3,家庭,カテイ,名詞
3,風呂,フロ,名詞
3,ラッキー,ラッキー,名詞
3,朝食,チョーショク,名詞
3,立て,タテ,動詞
3,ものすごい,モノスゴイ,形容詞
3,恐ろしい,オソロシイ,形容詞
3,嫌がらせ,イヤガラセ,名詞
3,ホームラン,ホームラン,名詞
3,研究,ケンキュー,名詞
3,驚く,オドロク,動詞
3,弾ける,ハジケル,動詞
3,嫌がっ,イヤガッ,動詞
3,寄っ,ヨッ,動詞
3,ハンデ,ハンデ,名詞
3,科学,カガク,名詞
3,いっき,イッキ,名詞
3,いたく,イタク,形容詞
3,いたっ,イタッ,動詞
3,順調,ジュンチョー,名詞
3,笑っ,ワラッ,動詞
3,機会,キカイ,名詞
3,あまえ,アマエ,動詞
3,あっち,アッチ,名詞
3,ハート,ハート,名詞
3,あさっ,アサッ,動詞
3,ハープ,ハープ,名詞
3,呼び込み,ヨビコミ,動詞
3,あそこ,アソコ,名詞
3,死ん,シン,動詞
3,死ぬ,シヌ,動詞
3,届く,トドク,動詞
3,届い,トドイ,動詞
3,太郎,タロー,名詞
3,スポーツ,スポーツ,名詞
2,覚まし,サマシ,動詞
2,ウワサ,ウワサ,名詞
2,お隣,オトナリ,名詞
2,名誉,メイヨ,名詞
2,固い,カタイ,形容詞
2,看護,カンゴ,名詞
2,高度,コード,名詞
2,確定,カクテイ,名詞
2,魅力,ミリョク,名詞
2,困ら,コマラ,動詞
2,書斎,ショサイ,名詞
2,囲ま,カコマ,動詞
2,困っ,コマッ,動詞
2,おかしい,オカシイ,形容詞
2,おかしな,オカシナ,連体詞
2,貸さ,カサ,動詞
2,貸す,カス,動詞
2,回し,マワシ,動詞
2,礼儀,レイギ,名詞
2,おおげさ,オーゲサ,名詞
2,杉坂,スギサカ,名詞
2,ドキドキ,ドキドキ,名詞
2,分かち,ワカチ,動詞
2,ろくでなし,ロクデナシ,名詞
2,証拠,ショーコ,名詞
2,発言,ハツゲン,名詞
2,たんじょう,タンジョー,名詞
2,香気,コーキ,名詞
2,文章,ブンショー,名詞
2,言い出す,イーダス,動詞
2,商売,ショーバイ,名詞
2,決めつけ,キメツケ,動詞
2,突き止め,ツキトメ,動詞
2,兄さん,ニーサン,名詞
2,暴力,ボーリョク,名詞
2,昼休み,ヒルヤスミ,名詞
2,可愛らしい,カワイラシイ,形容詞
2,噛ん,カン,動詞
2,お似合い,オニアイ,名詞
2,時期,ジキ,名詞
2,計画,ケイカク,名詞
2,こだわる,コダワル,動詞
2,顔面,ガンメン,名詞
2,反省,ハンセイ,名詞
2,任せろ,マカセロ,動詞
2,傷つけ,キズツケ,動詞
2,解散,カイサン,名詞
2,ご用,ゴヨー,名詞
2,観測,カンソク,名詞
2,医者,イシャ,名詞
2,名案,メイアン,名詞
2,構い,カマイ,動詞
2,構っ,カマッ,動詞
2,根性,コンジョー,名詞
2,昼飯,ヒルメシ,名詞
2,見学,ケンガク,名詞
2,早速,サッソク,副詞
2,早退,ソータイ,名詞
2,登校,トーコー,名詞
2,出会っ,デアッ,動詞
2,親子,オヤコ,名詞
2,こんばんは,コンバンワ,名詞
2,忘れ物,ワスレモノ,名詞
2,日記,ニッキ,名詞
2,真実,シンジツ,名詞
2,相性,アイショー,名詞
2,謝り,アヤマリ,動詞
2,謝る,アヤマル,動詞
2,前途,ゼント,名詞
2,直接,チョクセツ,名詞
2,新鮮,シンセン,名詞
2,唱え,トナエ,動詞
2,恥ずかし,ハズカシ,形容詞
2,ヶ月,カゲツ,名詞
2,見方,ミカタ,名詞
2,景色,ケシキ,名詞
2,親戚,シンセキ,名詞
2,去年,キョネン,名詞
2,外れ,ハズレ,動詞
2,合わせる,アワセル,動詞
2,ジャブ,ジャブ,名詞
2,シート,シート,名詞
2,知る,シル,動詞
2,蹴ら,ケラ,動詞
2,聞かさ,キカサ,動詞
2,蹴っ,ケッ,動詞
2,お先,オサキ,名詞
2,推薦,スイセン,名詞
2,発声,ハッセイ,名詞
2,登場,トージョー,名詞
2,だんだん,ダンダン,副詞
2,ダストシュート,ダストシュート,名詞
2,壊れ,コワレ,動詞
2,盛大,セイダイ,名詞
2,真似,マネ,名詞
2,サボる,サボル,動詞
2,売っ,ウッ,動詞
2,打順,ダジュン,名詞
2,コート,コート,名詞
2,こんなにも,コンナニモ,副詞
2,ひっかかる,ヒッカカル,動詞
2,くださる,クダサル,動詞
2,ゲーム,ゲーム,名詞
2,やりとり,ヤリトリ,名詞
2,病気,ビョーキ,名詞
2,激しく,ハゲシク,形容詞
2,お家,オイエ,名詞
2,してやる,シテヤル,動詞
2,精一杯,セイイッパイ,名詞
2,噴水,フンスイ,名詞
2,月曜日,ゲツヨービ,名詞
2,てか,テカ,接続詞
2,てれ,テレ,動詞
2,でっ,デッ,動詞
2,つっ,ツッ,動詞
2,堂々,ドードー,副詞
2,つか,ツカ,動詞
2,ねッ,ネッ,助詞
2,はね,ハネ,動詞
2,ばく,バク,名詞
2,とろ,トロ,形容詞
2,どの,ドノ,連体詞
2,なき,ナキ,助動詞
2,など,ナド,助詞
2,どぉ,ドー,副詞
2,まい,マイ,助動詞
2,直し,ナオシ,動詞
2,べつ,ベツ,名詞
2,へん,ヘン,名詞
2,わすれろ,ワスレロ,動詞
2,うま,ウマ,形容詞
2,うた,ウタ,動詞
2,うそ,ウソ,名詞
2,いん,イン,動詞
2,いり,イリ,動詞
2,いざ,イザ,副詞
2,あろ,アロ,助動詞
2,あな,アナ,名詞
2,あけ,アケ,動詞
2,くせ,クセ,名詞
2,きれ,キレ,動詞
2,きく,キク,動詞
2,がら,ガラ,動詞
2,かよ,カヨ,名詞
2,かま,カマ,名詞
2,かさ,カサ,動詞
2,かし,カシ,動詞
2,おや,オヤ,感動詞
2,かつ,カツ,接続詞
2,おこ,オコ,動詞
2,おし,オシ,形容詞
2,おいしい,オイシイ,形容詞
2,おいしく,オイシク,形容詞
2,さま,サマ,名詞
2,しす,シス,動詞
2,さけ,サケ,動詞
2,こり,コリ,動詞
2,走っ,ハシッ,動詞
2,さて,サテ,接続詞
2,ごい,ゴイ,名詞
2,たし,タシ,動詞
2,だい,ダイ,名詞
2,だせ,ダセ,動詞
2,せよ,セヨ,動詞
2,せん,セン,名詞
2,せれ,セレ,動詞
2,ぜひ,ゼヒ,副詞
2,ずっ,ズッ,動詞
2,すら,スラ,助詞
2,走れ,ハシレ,動詞
2,すい,スイ,動詞
2,すぅ,スー,形容詞
2,しょ,ショ,動詞
2,しん,シン,名詞
2,生涯,ショーガイ,名詞
2,初対面,ショタイメン,名詞
2,試験,シケン,名詞
2,キャラ,キャラ,名詞
2,ガーン,ガーン,感動詞
2,荒っぽい,アラッポイ,形容詞
2,星座,セイザ,名詞
2,日数,ニッスー,名詞
2,カード,カード,名詞
2,生活,セイカツ,名詞
2,カンパ,カンパ,名詞
2,レジ,レジ,名詞
2,ノミ,ノミ,名詞
2,ハッ,ハッ,副詞
2,ドン,ドン,副詞
2,文字,モジ,名詞
2,メシ,メシ,名詞
2,男前,オトコマエ,名詞
2,マネ,マネ,名詞
2,育てる,ソダテル,動詞
2,プロ,プロ,名詞
2,フッ,フッ,副詞
2,思いっきり,オモイッキリ,副詞
2,ヒト,ヒト,名詞
2,バレ,バレ,動詞
2,詮索,センサク,名詞
2,キス,キス,名詞
2,クソ,クソ,接頭詞
2,こなせる,コナセル,動詞
2,イス,イス,名詞
2,待ちこがれ,マチコガレ,動詞
2,タダ,タダ,名詞
2,書き,ガキ,名詞
2,書け,カケ,動詞
2,ろう,ロー,名詞
2,わし,ワシ,名詞
2,もっ,モッ,動詞
2,よせ,ヨセ,名詞
2,に関して,ニカンシテ,助詞
2,映像,エイゾー,名詞
2,よい,ヨイ,形容詞
2,いがみ合う,イガミアウ,動詞
2,保証,ホショー,名詞
2,いちばん,イチバン,名詞
2,ラヴェル,ラベル,名詞
2,指導,シドー,名詞
2,小さかっ,チーサカッ,形容詞
2,ファンクラブ,ファンクラブ,名詞
2,全国,ゼンコク,名詞
2,招待,ショータイ,名詞
2,いっしょ,イッショ,名詞
2,兄妹,キョーダイ,名詞
2,剥がれ,ハガレ,動詞
2,偽者,ニセモノ,名詞
2,転換,テンカン,名詞
2,いっつも,イッツモ,副詞
2,信じろ,シンジロ,動詞
2,信じる,シンジル,動詞
2,たまたま,タマタマ,副詞
2,いつしか,イツシカ,副詞
2,挿入,ソーニュー,名詞
2,抵抗,テイコー,名詞
2,おもしろく,オモシロク,形容詞
2,転校,テンコー,名詞
2,候補,コーホ,名詞
2,勤め,ツトメ,動詞
2,痛め,イタメ,動詞
2,らしく,ラシク,助動詞
2,勝て,カテ,動詞
2,勢い,イキオイ,名詞
2,動き,ウゴキ,名詞
2,意識,イシキ,名詞
2,過ぎ,スギ,動詞
2,引き受け,ヒキウケ,動詞
2,運ん,ハコン,動詞
2,もしも,モシモ,副詞
2,違っ,チガッ,動詞
2,有名人,ユーメイジン,名詞
2,掛け持ち,カケモチ,名詞
2,別々,ベツベツ,名詞
2,求める,モトメル,動詞
2,起きる,オキル,動詞
2,人類,ジンルイ,名詞
2,広がっ,ヒロガッ,動詞
2,全力,ゼンリョク,名詞
2,追っ,オッ,動詞
2,もらわ,モラワ,動詞
2,揃い,ソロイ,名詞
2,入れれ,イレレ,動詞
2,もらお,モラオ,動詞
2,取り合っ,トリアッ,動詞
2,お待ち,オマチ,名詞
2,やたら,ヤタラ,副詞
2,描い,エガイ,動詞
2,通い,カヨイ,動詞
2,通る,トール,動詞
2,自動車,ジドーシャ,名詞
2,探そ,サガソ,動詞
2,特訓,トックン,名詞
2,控え,ヒカエ,名詞
2,進め,ススメ,動詞
2,間に合う,マニアウ,動詞
2,美味かっ,ウマカッ,形容詞
2,返る,カエル,動詞
2,間に合っ,マニアッ,動詞
2,近い,チカイ,形容詞
2,手際,テギワ,名詞
2,なけりゃ,ナケリャ,助動詞
2,まとめ,マトメ,動詞
2,片付い,カタズイ,動詞
2,片付け,カタズケ,動詞
2,勝てる,カテル,動詞
2,甘え,アマエ,動詞
2,むしろ,ムシロ,副詞
2,勘違い,カンチガイ,名詞
2,分の,ブンノ,名詞
2,手足,テアシ,名詞
2,グループ,グループ,名詞
2,付ける,ツケル,動詞
2,放し,ハナシ,動詞
2,何者,ナニモノ,名詞
2,みりゃ,ミリャ,動詞
2,健康,ケンコー,名詞
2,辞め,ヤメ,動詞
2,がむしゃら,ガムシャラ,名詞
2,世辞,セジ,名詞
2,泊まっ,トマッ,動詞
2,中身,ナカミ,名詞
2,すっかり,スッカリ,副詞
2,負ける,マケル,動詞
2,すっごい,スッゴイ,形容詞
2,無性に,ムショーニ,副詞
2,ほっと,ホット,副詞
2,承知,ショーチ,名詞
2,いただこ,イタダコ,動詞
2,倉庫,ソーコ,名詞
2,ほんと,ホント,感動詞
2,ほんの,ホンノ,連体詞
2,遺伝子,イデンシ,名詞
2,挑戦,チョーセン,名詞
2,出会い,デアイ,名詞
2,意外,イガイ,名詞
2,打つ,ウツ,動詞
2,打た,ウタ,動詞
2,勇気,ユーキ,名詞
2,払い,ハライ,動詞
2,リハーサル,リハーサル,名詞
2,卑怯,ヒキョー,名詞
2,午後,ゴゴ,名詞
2,再開,サイカイ,名詞
2,友人,ユージン,名詞
2,半年,ハントシ,名詞
2,半日,ハンニチ,名詞
2,無茶,ムチャ,名詞
2,我々,ワレワレ,名詞
2,号令,ゴーレイ,名詞
2,微細,ビサイ,名詞
2,戦っ,タタカッ,動詞
2,落ち着く,オチツク,動詞
2,レインボー,レインボー,名詞
2,戻り,モドリ,動詞
2,見せる,ミセル,動詞
2,犯人,ハンニン,名詞
2,過程,カテイ,名詞
2,見かけ,ミカケ,動詞
2,見える,ミエル,動詞
2,兄貴,アニキ,名詞
2,思い出,オモイデ,名詞
2,ややこしく,ヤヤコシク,形容詞
2,恋愛,レンアイ,名詞
2,爆弾,バクダン,名詞
2,通用,ツーヨー,名詞
2,勘弁,カンベン,名詞
2,無用,ムヨー,名詞
2,恋敵,コイガタキ,名詞
2,牛乳,ギューニュー,名詞
2,呼ば,ヨバ,動詞
2,却下,キャッカ,名詞
2,コンサート,コンサート,名詞
2,必死,ヒッシ,名詞
2,憶え,オボエ,動詞
2,飛び降り,トビオリ,動詞
2,都合,ツゴー,名詞
2,リサイタル,リサイタル,名詞
2,仕舞っ,シマッ,動詞
2,落ちる,オチル,動詞
2,凶暴,キョーボー,名詞
2,児童,ジドー,名詞
2,捨て,ステ,動詞
2,悲しむ,カナシム,動詞
2,手元,テモト,名詞
2,適当,テキトー,名詞
2,わかん,ワカン,動詞
2,及ば,オヨバ,動詞
2,無断,ムダン,名詞
2,重い,オモイ,形容詞
2,狭い,セマイ,形容詞
2,ドリブル,ドリブル,名詞
2,振り,フリ,動詞
2,成功,セイコー,名詞
2,古く,フルク,形容詞
2,始まる,ハジマル,動詞
2,叱ら,シカラ,動詞
2,ポスター,ポスター,名詞
2,進学,シンガク,名詞
2,向け,ムケ,動詞
2,見つけれ,ミツケレ,動詞
2,笑える,ワラエル,動詞
2,台無し,ダイナシ,名詞
2,退屈,タイクツ,名詞
2,クラスメート,クラスメート,名詞
2,関わる,カカワル,動詞
2,ボーイフレンド,ボーイフレンド,名詞
2,挑む,イドム,動詞
2,配っ,クバッ,動詞
2,日本人,ニッポンジン,名詞
2,配ろ,クバロ,動詞
2,認める,ミトメル,動詞
2,日本一,ニッポンイチ,名詞
2,感性,カンセイ,名詞
2,抱か,イダカ,動詞
2,つべこべ,ツベコベ,副詞
2,占っ,ウラナッ,動詞
2,投げ,ナゲ,動詞
2,後輩,コーハイ,名詞
2,うらやましい,ウラヤマシイ,形容詞
2,影響,エイキョー,名詞
2,態度,タイド,名詞
2,せんべい,センベイ,名詞
2,懐中,カイチュー,名詞
2,てりゃ,テリャ,動詞
2,帰れる,カエレル,動詞
2,どうし,ドーシ,名詞
2,演出,エンシュツ,名詞
2,運転,ウンテン,名詞
2,過言,カゴン,名詞
2,嘉兵衛,カヘー,名詞
2,テンション,テンション,名詞
2,金持ち,カネモチ,名詞
2,なごみ,ナゴミ,動詞
2,義理,ギリ,名詞
2,座っ,スワッ,動詞
2,つくづく,ツクズク,副詞
2,なのっ,ナノッ,動詞
2,脅迫,キョーハク,名詞
2,恩知らず,オンシラズ,名詞
2,胴体,ドータイ,名詞
2,連れ出し,ツレダシ,動詞
2,萎え,ナエ,動詞
2,お守り,オマモリ,名詞
2,お返し,オカエシ,名詞
2,広い,ヒロイ,形容詞
2,広げ,ヒロゲ,動詞
2,年上,トシウエ,名詞
2,により,ニヨリ,助詞
2,による,ニヨル,助詞
2,話し方,ハナシカタ,名詞
2,弾き,ハジキ,動詞
2,弾く,ヒク,動詞
2,ファイト,ファイト,名詞
2,唱える,トナエル,動詞
2,漢字,カンジ,名詞
2,思い出そ,オモイダソ,動詞
2,思い出さ,オモイダサ,動詞
2,リンゴ,リンゴ,名詞
2,どーも,ドーモ,感動詞
2,自習,ジシュー,名詞
2,はしら,ハシラ,動詞
2,良く,ヨク,形容詞
2,役に立つ,ヤクニタツ,動詞
2,対象,タイショー,名詞
2,引っかかっ,ヒッカカッ,動詞
2,マッチ,マッチ,名詞
2,びっくり,ビックリ,名詞
2,寮母,リョーボ,名詞
2,経験,ケイケン,名詞
2,ただいま,タダイマ,副詞
2,成り立ち,ナリタチ,名詞
2,ほとんど,ホトンド,副詞
2,煮る,ニル,動詞
2,与え,アタエ,動詞
2,素晴らしい,スバラシイ,形容詞
2,自体,ジタイ,名詞
2,逃げ出し,ニゲダシ,動詞
2,並ん,ナラン,動詞
2,閉じこめ,トジコメ,動詞
2,控えめ,ヒカエメ,名詞
2,封筒,フートー,名詞
2,そんなふうに,ソンナフーニ,副詞
2,張り切っ,ハリキッ,動詞
2,フォロー,フォロー,名詞
2,呼び捨て,ヨビステ,名詞
2,屋根,ヤネ,名詞
2,おっしゃる,オッシャル,動詞
2,学者,ガクシャ,名詞
2,からかっ,カラカッ,動詞
2,不安,フアン,名詞
2,混ぜ,マゼ,動詞
2,作ら,ツクラ,動詞
2,純粋,ジュンスイ,名詞
2,想っ,オモッ,動詞
2,温か,アタタカ,形容詞
2,惨め,ミジメ,名詞
2,渡さ,ワタサ,動詞
2,微妙,ビミョー,名詞
2,したっ,シタッ,動詞
2,ごまかし,ゴマカシ,動詞
2,おやすみ,オヤスミ,感動詞
2,惹か,ヒカ,動詞
2,繻子,シュス,名詞
2,作れる,ツクレル,動詞
2,ずばり,ズバリ,副詞
2,一切,イッサイ,名詞
2,ポイント,ポイント,名詞
2,いい加減,イーカゲン,名詞
2,悲し,カナシ,形容詞
2,じまお,ジマオ,動詞
2,悩み,ナヤミ,名詞
2,すでに,スデニ,副詞
2,たった今,タッタイマ,副詞
2,朝っぱら,アサッパラ,名詞
2,押しかけ,オシカケ,動詞
2,強引,ゴーイン,名詞
2,慌て,アワテ,動詞
2,永眠,エイミン,名詞
2,ハンバーグ,ハンバーグ,名詞
2,両方,リョーホー,名詞
2,主役,シュヤク,名詞
2,溜め,タメ,動詞
2,ずるい,ズルイ,形容詞
2,滅び,ホロビ,動詞
2,海外,カイガイ,名詞
2,面白かっ,オモシロカッ,形容詞
2,薙刀,ナギナタ,名詞
2,一方,イッポー,接続詞
2,聴い,キイ,動詞
2,愛さ,アイサ,動詞
2,主将,シュショー,名詞
2,そろっ,ソロッ,動詞
2,今さら,イマサラ,副詞
2,下手,ヘタ,名詞
2,例え,タトエ,動詞
2,不幸,フコー,名詞
2,ぜんぶ,ゼンブ,名詞
2,使う,ツカウ,動詞
2,使い,ズカイ,名詞
2,荒野,アラノ,名詞
2,管轄,カンカツ,名詞
2,たまに,タマニ,副詞
2,廊下,ローカ,名詞
2,たよっ,タヨッ,動詞
2,気軽,キガル,名詞
2,一瞬,イッシュン,名詞
2,洗濯,センタク,名詞
2,住人,ジューニン,名詞
2,人情,ニンジョー,名詞
2,きっかけ,キッカケ,名詞
2,今年,コトシ,名詞
2,薄かっ,ウスカッ,形容詞
2,たとえ,タトエ,副詞
2,人手,ヒトデ,名詞
2,たって,タッテ,助詞
2,要するに,ヨースルニ,副詞
2,得る,エル,動詞
2,後で,アトデ,副詞
2,成り行き,ナリユキ,名詞
2,待つ,マツ,動詞
2,っきり,ッキリ,名詞
2,単なる,タンナル,連体詞
2,コードネーム,コードネーム,名詞
2,ロシア,ロシア,名詞
2,ちまえ,チマエ,動詞
2,いいわけ,イーワケ,名詞
2,辛かっ,ツラカッ,形容詞
2,アイデア,アイデア,名詞
2,多かっ,オーカッ,形容詞
2,作戦,サクセン,名詞
2,食べる,タベル,動詞
2,休日,キュージツ,名詞
2,結晶,ケッショー,名詞
2,つくっ,ツクッ,動詞
2,つけろ,ツケロ,動詞
2,離れ,ハナレ,動詞
2,ついで,ツイデ,名詞
2,当分,トーブン,名詞
2,怖く,コワク,形容詞
2,仕業,シワザ,名詞
2,感じる,カンジル,動詞
2,前祝い,マエイワイ,名詞
2,関心,カンシン,名詞
2,若者,ワカモノ,名詞
2,ハッピーエンド,ハッピーエンド,名詞
2,薄い,ウスイ,形容詞
2,つらい,ツライ,形容詞
2,なんにも,ナンニモ,副詞
2,現れる,アラワレル,動詞
2,大学,ダイガク,名詞
2,目指そ,メザソ,動詞
2,管理,カンリ,名詞
2,次元,ジゲン,名詞
2,おかず,オカズ,名詞
2,おかけ,オカケ,名詞
2,いつの間に,イツノマニ,副詞
2,苦しい,クルシイ,形容詞
2,おいで,オイデ,名詞
2,ロマンチック,ロマンチック,名詞
2,マイペース,マイペース,名詞
2,封じ込め,フージコメ,動詞
2,いやー,イヤー,感動詞
2,名付け,ナズケ,動詞
2,馬の骨,ウマノホネ,名詞
2,中学校,チューガッコー,名詞
2,続い,ツズイ,動詞
2,手伝え,テツダエ,動詞
2,かぶっ,カブッ,動詞
2,かまわ,カマワ,動詞
2,教え子,オシエゴ,名詞
2,離婚,リコン,名詞
2,繋い,ツナイ,動詞
2,おねがい,オネガイ,名詞
2,集まり,アツマリ,動詞
2,天敵,テンテキ,名詞
2,出逢い,デアイ,動詞
2,小学生,ショーガクセイ,名詞
2,かかわる,カカワル,動詞
2,欠席,ケッセキ,名詞
2,おごり,オゴリ,名詞
2,おとなしく,オトナシク,形容詞
2,ナイフ,ナイフ,名詞
2,武器,ブキ,名詞
2,デート,デート,名詞
2,かえし,カエシ,動詞
2,おのれ,オノレ,名詞
2,当たら,アタラ,動詞
2,素人,シロート,名詞
2,お笑い,オワライ,名詞
2,おもえ,オモエ,動詞
2,集中,シューチュー,名詞
2,かつて,カツテ,副詞
2,おわっ,オワッ,動詞
2,毎年,マイトシ,名詞
2,好か,スカ,動詞
2,寝ぼけ,ネボケ,動詞
2,くれれ,クレレ,動詞
2,くるっ,クルッ,動詞
2,奪っ,ウバッ,動詞
2,うっとり,ウットリ,副詞
2,ズバリ,ズバリ,副詞
2,限界,ゲンカイ,名詞
2,流す,ナガス,動詞
2,流れ,ナガレ,名詞
2,基本,キホン,名詞
2,きれる,キレル,動詞
2,空気,クーキ,名詞
2,正当,セイトー,名詞
2,差し金,サシガネ,名詞
2,気付か,キズカ,動詞
2,ままごと,ママゴト,名詞
2,ちょうど,チョード,副詞
2,仲良い,ナカヨイ,形容詞
2,諦める,アキラメル,動詞
2,こりゃ,コリャ,感動詞
2,こわい,コワイ,形容詞
2,決まる,キマル,動詞
2,叶える,カナエル,動詞
2,さぼっ,サボッ,動詞
2,変わり,カワリ,動詞
2,変われ,カワレ,動詞
2,間違え,マチガエ,動詞
2,間違っ,マチガッ,動詞
2,決して,ケッシテ,副詞
2,青春,セイシュン,名詞
2,電灯,デントー,名詞
2,味わい,アジワイ,動詞
2,防衛,ボーエイ,名詞
2,ぬくもり,ヌクモリ,名詞
2,こすい,コスイ,形容詞
2,毎朝,マイアサ,名詞
2,ここら,ココラ,名詞
2,トレーナー,トレーナー,名詞
2,飲み,ノミ,動詞
2,物忘れ,モノワスレ,名詞
2,ダブル,ダブル,名詞
2,こもっ,コモッ,動詞
2,捕まえ,ツカマエ,動詞
2,ことし,コトシ,名詞
2,もう一度,モーイチド,副詞
2,迷い込ん,マヨイコン,動詞
2,多難,タナン,名詞
2,立体,リッタイ,名詞
2,許さ,ユルサ,動詞
2,許し,ユルシ,動詞
2,フェア,フェア,名詞
2,神経,シンケイ,名詞
2,ファン,ファン,名詞
2,ヒント,ヒント,名詞
2,確認,カクニン,名詞
2,パトロール,パトロール,名詞
2,コースター,コースター,名詞
2,祝福,シュクフク,名詞
2,行方,ユクエ,名詞
2,言お,イオ,動詞
2,訊か,キカ,動詞
2,衝撃,ショーゲキ,名詞
2,忙しく,イソガシク,形容詞
2,しあわせ,シアワセ,名詞
2,様々,サマザマ,名詞
2,解く,トク,動詞
2,サイボーグ,サイボーグ,名詞
2,触っ,サワッ,動詞
2,がんばれ,ガンバレ,動詞
2,ぶちまけ,ブチマケ,動詞
2,親切,シンセツ,名詞
2,ベスト,ベスト,名詞
2,それぞれ,ソレゾレ,名詞
2,それから,ソレカラ,接続詞
2,あさって,アサッテ,名詞
2,誓っ,チカッ,動詞
2,誓う,チカウ,動詞
2,楽器,ガッキ,名詞
2,誘い,サソイ,名詞
2,食事,ショクジ,名詞
2,完成,カンセイ,名詞
2,助っ人,スケット,名詞
2,お話し,オハナシ,名詞
2,スピーチ,スピーチ,名詞
2,容態,ヨーダイ,名詞
2,駆け回っ,カケマワッ,動詞
2,髪の毛,カミノケ,名詞
2,立っ,タッ,動詞
2,ものすごく,モノスゴク,形容詞
2,行事,ギョージ,名詞
2,守ら,マモラ,動詞
2,落ち込む,オチコム,動詞
2,売れ残っ,ウレノコッ,動詞
2,歌っ,ウタッ,動詞
2,安い,ヤスイ,形容詞
2,好物,コーブツ,名詞
2,眼鏡,メガネ,名詞
2,空い,アイ,動詞
2,驚か,オドロカ,動詞
2,寒い,サムイ,形容詞
2,可愛く,カワイク,形容詞
2,バトン,バトン,名詞
2,おっしゃ,オッシャ,動詞
2,殺す,コロス,動詞
2,やってき,ヤッテキ,動詞
2,やっつけ,ヤッツケ,動詞
2,覗い,ノゾイ,動詞
2,下がっ,サガッ,動詞
2,あらっ,アラッ,動詞
2,覚め,サメ,動詞
2,夢見,ユメミ,名詞
2,校門,コーモン,名詞
2,校長,コーチョー,名詞
2,笑え,ワラエ,動詞
2,止め,トメ,動詞
2,テーブル,テーブル,名詞
2,歩き,アルキ,動詞
2,高い,タカイ,形容詞
2,あげよ,アゲヨ,動詞
2,あたり,アタリ,名詞
2,死な,シナ,動詞
2,届か,トドカ,動詞
2,届け,トドケ,動詞
2,与える,アタエル,動詞
2,顔色,カオイロ,名詞
2,残り,ノコリ,動詞
2,残る,ノコル,動詞
1,腐れる,クサレル,動詞
1,泣かす,ナカス,動詞
1,ガタガタ,ガタガタ,名詞
1,つまらない,ツマラナイ,形容詞
1,相応しい,フサワシイ,形容詞
1,語りかけ,カタリカケ,動詞
1,発音,ハツオン,名詞
1,調整,チョーセイ,名詞
1,商業,ショーギョー,名詞
1,直視,チョクシ,名詞
1,大きかっ,オーキカッ,形容詞
1,新聞,シンブン,名詞
1,饒舌,ジョーゼツ,名詞
1,覚ませ,サマセ,動詞
1,覚める,サメル,動詞
1,答えろ,コタエロ,動詞
1,砂漠,サバク,名詞
1,答えよ,コタエヨ,動詞
1,警告,ケイコク,名詞
1,本名,ホンミョー,名詞
1,最大,サイダイ,名詞
1,ストライク,ストライク,名詞
1,喪失,ソーシツ,名詞
1,放送,ホーソー,名詞
1,飛躍,ヒヤク,名詞
1,無我夢中,ムガムチュー,名詞
1,木っ端,コッパ,名詞
1,切ない,セツナイ,形容詞
1,切なく,セツナク,形容詞
1,食べりゃ,タベリャ,動詞
1,生まれ変わっ,ウマレカワッ,動詞
1,確実,カクジツ,名詞
1,飲食,インショク,名詞
1,期待,キタイ,名詞
1,背負っ,セオッ,動詞
1,教頭,キョートー,名詞
1,苛立ち,イラダチ,動詞
1,責め,セメ,動詞
1,傾ける,カタムケル,動詞
1,おかしく,オカシク,形容詞
1,最新,サイシン,名詞
1,買わ,カワ,動詞
1,いやがっ,イヤガッ,動詞
1,台詞,ダイシ,名詞
1,下ごしらえ,シタゴシラエ,名詞
1,棘皮動物,キョクヒドーブツ,名詞
1,貼っ,ハッ,動詞
1,仕切り直し,シキリナオシ,名詞
1,分かん,ワカン,動詞
1,ちっとも,チットモ,副詞
1,先回り,サキマワリ,名詞
1,有志,ユーシ,名詞
1,放題,ホーダイ,名詞
1,要領,ヨーリョー,名詞
1,本屋,ホンヤ,名詞
1,曖昧,アイマイ,名詞
1,稼ぎ,カセギ,名詞
1,社会,シャカイ,名詞
1,吹っ飛ば,フットバ,動詞
1,スイッチ,スイッチ,名詞
1,減らし,ヘラシ,動詞
1,ばいいん,バイイン,名詞
1,危険,キケン,名詞
1,ダラダラ,ダラダラ,副詞
1,いただけれ,イタダケレ,動詞
1,解消,カイショー,名詞
1,こっそり,コッソリ,副詞
1,証明,ショーメイ,名詞
1,要素,ヨーソ,名詞
1,裸足,ハダシ,名詞
1,祈っ,イノッ,動詞
1,肩入れ,カタイレ,名詞
1,祈る,イノル,動詞
1,人だかり,ヒトダカリ,名詞
1,合羽,カッパ,名詞
1,ウェートレス,ウェートレス,名詞
1,診断,シンダン,名詞
1,真理,シンリ,名詞
1,告知,コクチ,名詞
1,右肩,ミギカタ,名詞
1,語尾,ゴビ,名詞
1,上がる,アガル,動詞
1,寝込ん,ネコン,動詞
1,他人行儀,タニンギョーギ,名詞
1,楽しん,タノシン,動詞
1,なにしろ,ナニシロ,副詞
1,頑張れよ,ガンバレヨ,動詞
1,気持ちいい,キモチイイ,形容詞
1,早業,ハヤワザ,名詞
1,誠実,セイジツ,名詞
1,アクセサリー,アクセサリー,名詞
1,しょぼくれ,ショボクレ,動詞
1,クレーン,クレーン,名詞
1,商品,ショーヒン,名詞
1,同時に,ドージニ,副詞
1,ワイルド,ワイルド,名詞
1,高価,コーカ,名詞
1,本体,ホンタイ,名詞
1,日直,ニッチョク,名詞
1,済まない,スマナイ,形容詞
1,巻き込む,マキコム,動詞
1,印象,インショー,名詞
1,作り上げ,ツクリアゲ,動詞
1,早起き,ハヤオキ,名詞
1,噛み,カミ,動詞
1,唱和,ショーワ,名詞
1,イメージアップ,イメージアップ,名詞
1,誰彼,ダレカレ,名詞
1,において,ニオイテ,助詞
1,語感,ゴカン,名詞
1,死にかけ,シニカケ,動詞
1,話し合う,ハナシアウ,動詞
1,話し合い,ハナシアイ,名詞
1,見知らぬ,ミシラヌ,連体詞
1,話し合っ,ハナシアッ,動詞
1,書写,ショシャ,名詞
1,うかがっ,ウカガッ,動詞
1,身の毛,ミノケ,名詞
1,選択肢,センタクシ,名詞
1,うかがい,ウカガイ,動詞
1,最低,サイテイ,名詞
1,そういった,ソウイッタ,連体詞
1,渡せる,ワタセル,動詞
1,収穫,シューカク,名詞
1,貫き通し,ツラヌキトーシ,動詞
1,最終,サイシュー,名詞
1,いまいち,イマイチ,副詞
1,後見人,コーケンニン,名詞
1,抜き打ち,ヌキウチ,名詞
1,シュークリーム,シュークリーム,名詞
1,任せる,マカセル,動詞
1,譲れ,ユズレ,動詞
1,是非,ゼヒ,名詞
1,まだまだ,マダマダ,副詞
1,人混み,ヒトゴミ,名詞
1,オートバイ,オートバイ,名詞
1,相楽,サガラ,名詞
1,訪問,ホーモン,名詞
1,同然,ドーゼン,名詞
1,ちなみに,チナミニ,接続詞
1,傷つく,キズツク,動詞
1,まちがっ,マチガッ,動詞
1,案内,アンナイ,名詞
1,またまた,マタマタ,副詞
1,いまだに,イマダニ,副詞
1,設定,セッテイ,名詞
1,背負い込む,ショイコム,動詞
1,ＯＫ,オーケイ,名詞
1,許容,キョヨー,名詞
1,終われ,オワレ,動詞
1,褒めろ,ホメロ,動詞
1,寝不足,ネブソク,名詞
1,真横,マヨコ,名詞
1,事務所,ジムショ,名詞
1,本職,ホンショク,名詞
1,魔法,マホー,名詞
1,本腰,ホンゴシ,名詞
1,わがまま,ワガママ,名詞
1,一眠り,ヒトネムリ,名詞
1,認可,ニンカ,名詞
1,本能,ホンノー,名詞
1,合格,ゴーカク,名詞
1,褒美,ホービ,名詞
1,カラオケ,カラオケ,名詞
1,どんどん,ドンドン,副詞
1,素振り,ソブリ,名詞
1,ひょっこり,ヒョッコリ,副詞
1,イタリア,イタリア,名詞
1,解決,カイケツ,名詞
1,図々し,ズーズーシ,形容詞
1,鮮度,センド,名詞
1,監督,カントク,名詞
1,視界,シカイ,名詞
1,咄嗟,トッサ,名詞
1,クリーム,クリーム,名詞
1,台本,ダイホン,名詞
1,ちっちゃい,チッチャイ,形容詞
1,目的,モクテキ,名詞
1,司書,シショ,名詞
1,キャラクター,キャラクター,名詞
1,開けっ放し,アケッパナシ,名詞
1,本棚,ホンダナ,名詞
1,本業,ホンギョー,名詞
1,ラブラブ,ラブラブ,名詞
1,同性,ドーセイ,名詞
1,登板,トーバン,名詞
1,喋っ,シャベッ,動詞
1,否定,ヒテイ,名詞
1,昔話,ムカシバナシ,名詞
1,本格,ホンカク,名詞
1,饅頭,マンジュー,名詞
1,喜べ,ヨロコベ,動詞
1,そうかい,ソーカイ,名詞
1,見境,ミサカイ,名詞
1,同情,ドージョー,名詞
1,そういや,ソーイヤ,接続詞
1,記事,キジ,名詞
1,アットホーム,アットホーム,名詞
1,見当,ケントー,名詞
1,ぜったい,ゼッタイ,名詞
1,気張っ,キバッ,動詞
1,ふんだんに,フンダンニ,副詞
1,異議,イギ,名詞
1,言いなり,イーナリ,名詞
1,少なくとも,スクナクトモ,副詞
1,お手玉,オテダマ,名詞
1,はしゃい,ハシャイ,動詞
1,同席,ドーセキ,名詞
1,命令,メイレイ,名詞
1,よりによって,ヨリニヨッテ,副詞
1,反撃,ハンゲキ,名詞
1,進学校,シンガクコー,名詞
1,べったり,ベッタリ,副詞
1,問い,トイ,名詞
1,取りはからっ,トリハカラッ,動詞
1,騒がしかっ,サワガシカッ,形容詞
1,覚悟,カクゴ,名詞
1,当たり障り,アタリサワリ,名詞
1,出せよ,ダセヨ,動詞
1,謝れ,アヤマレ,動詞
1,魅惑,ミワク,名詞
1,お礼,オレイ,名詞
1,ストレート,ストレート,名詞
1,前説,ゼンセツ,名詞
1,紛らわしい,マギラワシイ,形容詞
1,紛らわしく,マギラワシク,形容詞
1,反射,ハンシャ,名詞
1,反対,ハンタイ,名詞
1,ひと頑張り,ヒトガンバリ,名詞
1,双子,フタゴ,名詞
1,合同,ゴードー,名詞
1,けつまずきゃ,ケツマズキャ,動詞
1,角度,カクド,名詞
1,分野,ブンヤ,名詞
1,じっくり,ジックリ,副詞
1,そうして,ソーシテ,接続詞
1,親指,オヤユビ,名詞
1,各地,カクチ,名詞
1,裁縫,サイホー,名詞
1,シュール,シュール,名詞
1,つれない,ツレナイ,形容詞
1,日本語,ニホンゴ,名詞
1,ったらしい,ッタラシイ,形容詞
1,ピックアップ,ピックアップ,名詞
1,嬉しかっ,ウレシカッ,形容詞
1,ご苦労さん,ゴクローサン,感動詞
1,しょっちゅう,ショッチュー,副詞
1,外す,ハズス,動詞
1,合わせれ,アワセレ,動詞
1,とんでもなく,トンデモナク,形容詞
1,発射,ハッシャ,名詞
1,ジャム,ジャム,名詞
1,交差点,コーサテン,名詞
1,時に,トキニ,副詞
1,高野,タカノ,名詞
1,田舎,イナカ,名詞
1,帰り道,カエリミチ,名詞
1,掛け合っ,カケアッ,動詞
1,引っかけ,ヒッカケ,動詞
1,シャレ,シャレ,動詞
1,ション,ション,名詞
1,躍る,オドル,動詞
1,貴様,キサマ,名詞
1,暖かく,アタタカク,形容詞
1,失っ,ウシナッ,動詞
1,サンド,サンド,名詞
1,晴れ,ハレ,名詞
1,くすぐら,クスグラ,動詞
1,お菓子,オカシ,名詞
1,転じ,テンジ,動詞
1,ユニーク,ユニーク,名詞
1,シカト,シカト,名詞
1,団欒,ダンラン,名詞
1,生身,ナマミ,名詞
1,様子見,ヨースミ,名詞
1,盛り上がる,モリアガル,動詞
1,親しい,シタシイ,形容詞
1,貫目,カンメ,名詞
1,かっ飛ばし,カットバシ,動詞
1,用語,ヨーゴ,名詞
1,見過ごし,ミスゴシ,動詞
1,頑張ら,ガンバラ,動詞
1,研い,トイ,動詞
1,暗く,クラク,形容詞
1,惚れる,ホレル,動詞
1,ゴリラ,ゴリラ,名詞
1,すっからかん,スッカラカン,名詞
1,足元,アシモト,名詞
1,じいさん,ジーサン,名詞
1,文化,ブンカ,名詞
1,ゴール,ゴール,名詞
1,教壇,キョーダン,名詞
1,国民,コクミン,名詞
1,文句,モンク,名詞
1,売り,ウリ,動詞
1,直前,チョクゼン,名詞
1,新た,アラタ,名詞
1,断っ,コトワッ,動詞
1,賭け事,カケゴト,名詞
1,抱負,ホーフ,名詞
1,踏む,フム,動詞
1,踏ん,フン,動詞
1,言い換え,イーカエ,動詞
1,コンビ,コンビ,名詞
1,打ち上げ,ウチアゲ,動詞
1,コント,コント,名詞
1,取り返す,トリカエス,動詞
1,コーラ,コーラ,名詞
1,そうしたら,ソーシタラ,接続詞
1,絶え絶え,タエダエ,名詞
1,スクラム,スクラム,名詞
1,スケジュール,スケジュール,名詞
1,手放す,テバナス,動詞
1,捜索,ソーサク,名詞
1,ひっかかっ,ヒッカカッ,動詞
1,くたびれ,クタビレ,動詞
1,操作,ソーサ,名詞
1,早め,ハヤメ,名詞
1,課題,カダイ,名詞
1,早々,ソーソー,副詞
1,生物,セイブツ,名詞
1,着せ,キセ,動詞
1,比べれ,クラベレ,動詞
1,カリスマ,カリスマ,名詞
1,騒がせ,サワガセ,動詞
1,着々,チャクチャク,副詞
1,手入れ,テイレ,名詞
1,アメリカ,アメリカ,名詞
1,背伸び,セノビ,名詞
1,地味,ジミ,名詞
1,会える,アエル,動詞
1,固定,コテイ,名詞
1,めでたい,メデタイ,形容詞
1,コケる,コケル,動詞
1,塗っ,ヌッ,動詞
1,インパクト,インパクト,名詞
1,激しい,ハゲシイ,形容詞
1,寝心地,ネゴコチ,名詞
1,探究,タンキュー,名詞
1,病欠,ビョーケツ,名詞
1,貴方,アナタ,名詞
1,坊主,ボーズ,名詞
1,忌まわしい,イマワシイ,形容詞
1,ケーキ,ケーキ,名詞
1,案ずる,アンズル,動詞
1,飲み込む,ノミコム,動詞
1,クール,クール,名詞
1,贈呈,ゾーテイ,名詞
1,易い,ヤスイ,形容詞
1,してやっ,シテヤッ,動詞
1,招集,ショーシュー,名詞
1,してやれ,シテヤレ,動詞
1,まったく,マッタク,副詞
1,閉まっ,シマッ,動詞
1,珍しく,メズラシク,形容詞
1,つら,ツラ,形容詞
1,つれ,ツレ,動詞
1,回収,カイシュー,名詞
1,どい,ドイ,動詞
1,てよ,テヨ,動詞
1,では,デワ,接続詞
1,でく,デク,名詞
1,ちく,チク,名詞
1,っし,ッシ,助動詞
1,ちろ,チロ,動詞
1,美味い,ウマイ,形容詞
1,のせ,ノセ,動詞
1,はあ,ハー,感動詞
1,ねこ,ネコ,名詞
1,ばっ,バッ,動詞
1,はり,ハリ,動詞
1,はる,ハル,動詞
1,はじ,ハジ,名詞
1,はし,ハシ,名詞
1,のみ,ノミ,助詞
1,ばい,バイ,名詞
1,はな,ハナ,名詞
1,とわ,トワ,名詞
1,なぎ,ナギ,動詞
1,とり,トリ,動詞
1,とる,トル,動詞
1,なか,ナカ,名詞
1,どじ,ドジ,名詞
1,どけ,ドケ,動詞
1,どく,ドク,動詞
1,澄み渡る,スミワタル,動詞
1,どん,ドン,名詞
1,にく,ニク,形容詞
1,ぬう,ヌウ,動詞
1,ぬえ,ヌエ,動詞
1,グッズ,グッズ,名詞
1,ふて,フテ,動詞
1,ふっ,フッ,動詞
1,ふら,フラ,動詞
1,ふり,フリ,名詞
1,ふわ,フワ,動詞
1,ふん,フン,感動詞
1,ぶち,ブチ,接頭詞
1,ぶっ,ブッ,動詞
1,理解,リカイ,名詞
1,時代,ジダイ,名詞
1,堕ち,オチ,動詞
1,ひか,ヒカ,動詞
1,ひく,ヒク,動詞
1,はん,ハン,名詞
1,ひっ,ヒッ,動詞
1,ひと,ヒト,名詞
1,ひじ,ヒジ,名詞
1,ひら,ヒラ,動詞
1,越さ,コサ,動詞
1,ふう,フー,名詞
1,クラブ,クラブ,名詞
1,へー,ヘー,感動詞
1,ぼん,ボン,名詞
1,まじ,マジ,助動詞
1,まね,マネ,名詞
1,まめ,マメ,名詞
1,みち,ミチ,名詞
1,力一杯,チカライッパイ,副詞
1,みな,ミナ,名詞
1,直せ,ナオセ,動詞
1,直っ,ナオッ,動詞
1,みん,ミン,動詞
1,めげ,メゲ,動詞
1,べり,ベリ,名詞
1,ほな,ホナ,接続詞
1,ほっ,ホッ,動詞
1,ぼう,ボウ,名詞
1,ぼっ,ボッ,動詞
1,ほん,ホン,名詞
1,えい,エイ,名詞
1,地上,チジョー,名詞
1,うふ,ウフ,感動詞
1,懐かしく,ナツカシク,形容詞
1,うさ,ウサ,名詞
1,いね,イネ,名詞
1,あわ,アワ,名詞
1,あこ,アコ,動詞
1,あき,アキ,動詞
1,トラック,トラック,名詞
1,くし,クシ,形容詞
1,疑問,ギモン,名詞
1,男性,ダンセイ,名詞
1,くつ,クツ,名詞
1,豪勢,ゴーセイ,名詞
1,がん,ガン,名詞
1,くぅ,クー,形容詞
1,かん,カン,名詞
1,きき,キキ,動詞
1,がり,ガリ,動詞
1,ちょっとした,チョットシタ,連体詞
1,おわ,オワ,動詞
1,かに,カニ,名詞
1,かみ,カミ,動詞
1,がち,ガチ,名詞
1,堪え,コタエ,動詞
1,えん,エン,動詞
1,捨てる,ステル,動詞
1,かお,カオ,名詞
1,おと,オト,名詞
1,アルコール,アルコール,名詞
1,明かり,アカリ,名詞
1,うる,ウル,動詞
1,土偶,ドグー,名詞
1,さも,サモ,副詞
1,日常,ニチジョー,名詞
1,原っぱ,ハラッパ,名詞
1,しば,シバ,名詞
1,こよ,コヨ,動詞
1,こま,コマ,動詞
1,さい,サイ,名詞
1,こむ,コム,動詞
1,こみ,コミ,動詞
1,さそ,サソ,動詞
1,玄関,ゲンカン,名詞
1,さす,サス,動詞
1,報わ,ムクワ,動詞
1,ける,ケル,動詞
1,けら,ケラ,名詞
1,ごく,ゴク,副詞
1,くり,クリ,名詞
1,くら,クラ,名詞
1,けっ,ケッ,動詞
1,圧制,アッセイ,名詞
1,男手,オトコデ,名詞
1,たげ,タゲ,動詞
1,だが,ダガ,接続詞
1,たて,タテ,名詞
1,たつ,タツ,動詞
1,たぶ,タブ,動詞
1,たび,タビ,名詞
1,サンキュー,サンキュー,名詞
1,そい,ソイ,動詞
1,せめ,セメ,動詞
1,すむ,スム,動詞
1,すべ,スベ,名詞
1,懲らしめ,コラシメ,動詞
1,せき,セキ,名詞
1,走る,ハシル,動詞
1,ずれ,ズレ,動詞
1,キーン,キーン,名詞
1,すね,スネ,動詞
1,ハッハッハ,ハッハッハ,感動詞
1,キレイ,キレイ,名詞
1,眠い,ネムイ,形容詞
1,真っ,マッ,接頭詞
1,象徴,ショーチョー,名詞
1,ぶち壊す,ブチコワス,動詞
1,眠れ,ネムレ,動詞
1,つまんない,ツマンナイ,形容詞
1,アルバム,アルバム,名詞
1,殺風景,サップーケイ,名詞
1,お呼び立て,オヨビタテ,名詞
1,久し振り,ヒサシブリ,名詞
1,わたくし,ワタクシ,名詞
1,直る,ナオル,動詞
1,らっしゃる,ラッシャル,動詞
1,試食,シショク,名詞
1,慣れる,ナレル,動詞
1,教科,キョーカ,名詞
1,抱きしめ,ダキシメ,動詞
1,隠れる,カクレル,動詞
1,足し,タシ,動詞
1,異なっ,コトナッ,動詞
1,整理,セイリ,名詞
1,日本,ニッポン,名詞
1,ワン,ワン,名詞
1,ラム,ラム,名詞
1,講演,コーエン,名詞
1,証言,ショーゲン,名詞
1,アラビア,アラビア,名詞
1,ロス,ロス,名詞
1,カラー,カラー,名詞
1,受け取ら,ウケトラ,動詞
1,受け取る,ウケトル,動詞
1,受け取れ,ウケトレ,動詞
1,伏せら,フセラ,動詞
1,モノ,モノ,名詞
1,周辺,シューヘン,名詞
1,ヤツ,ヤツ,名詞
1,旅人,タビビト,名詞
1,出入り,デイリ,名詞
1,カバー,カバー,名詞
1,改心,カイシン,名詞
1,いらっしゃっ,イラッシャッ,動詞
1,暴れ,アバレ,動詞
1,営業,エイギョー,名詞
1,ハズ,ハズ,名詞
1,カット,カット,名詞
1,ノリ,ノリ,名詞
1,パイ,パイ,名詞
1,危なかっ,アブナカッ,形容詞
1,ネタ,ネタ,名詞
1,警戒,ケイカイ,名詞
1,トー,トー,名詞
1,攻撃,コーゲキ,名詞
1,テキ,テキ,名詞
1,ツカ,ツカ,名詞
1,タン,タン,名詞
1,問答,モンドー,名詞
1,町内,チョーナイ,名詞
1,マイ,マイ,名詞
1,やさしかっ,ヤサシカッ,形容詞
1,ホン,ホン,名詞
1,方向,ホーコー,名詞
1,ホッ,ホッ,副詞
1,さようなら,サヨーナラ,感動詞
1,ベタ,ベタ,名詞
1,プレ,プレ,名詞
1,見覚え,ミオボエ,名詞
1,フリ,フリ,名詞
1,ピン,ピン,名詞
1,フタ,フタ,名詞
1,済ませ,スマセ,動詞
1,バン,バン,名詞
1,ヒザ,ヒザ,名詞
1,バラ,バラ,名詞
1,エビ,エビ,名詞
1,早口,ハヤクチ,名詞
1,カイ,カイ,名詞
1,エロ,エロ,名詞
1,カッ,カッ,副詞
1,カツ,カツ,名詞
1,放棄,ホーキ,名詞
1,のっとっ,ノットッ,動詞
1,ガキ,ガキ,名詞
1,カビ,カビ,名詞
1,キツ,キツ,名詞
1,クギ,クギ,名詞
1,赦し,ユルシ,動詞
1,キビ,キビ,名詞
1,キロ,キロ,名詞
1,クセ,クセ,名詞
1,売れる,ウレル,動詞
1,新婦,シンプ,名詞
1,イヤ,イヤ,名詞
1,ウソ,ウソ,名詞
1,奥さん,オクサン,名詞
1,スト,スト,名詞
1,スカ,スカ,名詞
1,シメ,シメ,名詞
1,シマ,シマ,名詞
1,教授,キョージュ,名詞
1,味見,アジミ,名詞
1,スーツケース,スーツケース,名詞
1,ゾウ,ゾー,名詞
1,タカ,タカ,名詞
1,日光,ニッコー,名詞
1,トランプ,トランプ,名詞
1,グッ,グッ,副詞
1,記録,キロク,名詞
1,書く,カク,動詞
1,コケ,コケ,動詞
1,コイ,コイ,名詞
1,合間,アイマ,名詞
1,ゴマ,ゴマ,名詞
1,シケ,シケ,名詞
1,手助け,テダスケ,名詞
1,照らし,テラシ,動詞
1,れよ,レヨ,動詞
1,よる,ヨル,動詞
1,わり,ワリ,名詞
1,わあ,ワア,感動詞
1,わな,ワナ,名詞
1,もろ,モロ,名詞
1,やし,ヤシ,助動詞
1,やぶ,ヤブ,動詞
1,休めろ,ヤスメロ,動詞
1,めん,メン,名詞
1,やぁ,ヤー,感動詞
1,よお,ヨー,感動詞
1,世界じゅう,セカイジュー,名詞
1,やん,ヤン,動詞
1,消えろ,キエロ,動詞
1,生存,セイゾン,名詞
1,躊躇っ,タメラッ,動詞
1,望ん,ノゾン,動詞
1,望め,ノゾメ,動詞
1,望む,ノゾム,動詞
1,おもしろかっ,オモシロカッ,形容詞
1,保護,ホゴ,名詞
1,僧正,ソージョー,名詞
1,７月,シチガツ,名詞
1,やれる,ヤレル,動詞
1,５月,ゴガツ,名詞
1,言い争い,イーアラソイ,動詞
1,ぎりぎり,ギリギリ,名詞
1,環境,カンキョー,名詞
1,効い,キイ,動詞
1,効か,キカ,動詞
1,成績,セイセキ,名詞
1,手直し,テナオシ,名詞
1,キャッチボール,キャッチボール,名詞
1,公園,コーエン,名詞
1,徹底的,テッテイテキ,名詞
1,フランス語,フランスゴ,名詞
1,用件,ヨーケン,名詞
1,優等生,ユートーセイ,名詞
1,具合,グアイ,名詞
1,正真正銘,ショーシンショーメイ,名詞
1,共同,キョードー,名詞
1,よくも,ヨクモ,副詞
1,ほんじゃ,ホンジャ,接続詞
1,終わらせ,オワラセ,動詞
1,ゆるし,ユルシ,動詞
1,いっちょ,イッチョ,副詞
1,人見知り,ヒトミシリ,名詞
1,しんどい,シンドイ,形容詞
1,光栄,コーエイ,名詞
1,征する,セイスル,動詞
1,よしみ,ヨシミ,名詞
1,いったん,イッタン,副詞
1,超越,チョーエツ,名詞
1,売り上げ,ウリアゲ,名詞
1,よだつ,ヨダツ,動詞
1,ほんとう,ホントー,名詞
1,先日,センジツ,名詞
1,よせよ,ヨセヨ,動詞
1,手料理,テリョーリ,名詞
1,よどん,ヨドン,動詞
1,力抜け,チカラヌケ,名詞
1,初舞台,ハツブタイ,名詞
1,勧め,ススメ,動詞
1,らせん,ラセン,名詞
1,先手,センテ,名詞
1,募っ,ツノッ,動詞
1,勝つ,カツ,動詞
1,募る,ツノル,動詞
1,火曜日,カヨービ,名詞
1,動く,ウゴク,動詞
1,動か,ウゴカ,動詞
1,手段,シュダン,名詞
1,悲鳴,ヒメイ,名詞
1,把握,ハアク,名詞
1,剃ろ,スロ,動詞
1,所有,ショユー,名詞
1,傲慢,ゴーマン,名詞
1,言い訳,イーワケ,名詞
1,なんだかんだ,ナンダカンダ,副詞
1,世話焼き,セワヤキ,名詞
1,運び,ハコビ,名詞
1,運べ,ハコベ,動詞
1,引き取る,ヒキトル,動詞
1,則る,ノットル,動詞
1,もうこ,モーコ,名詞
1,もうす,モース,動詞
1,もしや,モシヤ,副詞
1,違わ,チガワ,動詞
1,五月晴,サツキバレ,名詞
1,持ちきり,モチキリ,動詞
1,畳ん,タタン,動詞
1,体調,タイチョー,名詞
1,手書き,テガキ,名詞
1,遣わ,ツカワ,動詞
1,握ら,ニギラ,動詞
1,遥か,ハルカ,名詞
1,握っ,ニギッ,動詞
1,もはや,モハヤ,副詞
1,今頃,イマゴロ,名詞
1,遣い,ズカイ,名詞
1,売り付け,ウリツケ,動詞
1,遣っ,ヤッ,動詞
1,ばってん,バッテン,名詞
1,もてる,モテル,動詞
1,引ける,ヒケル,動詞
1,疑っ,ウタガッ,動詞
1,疑う,ウタガウ,動詞
1,起こさ,オコサ,動詞
1,起こり,オコリ,動詞
1,揺れ,ユレ,動詞
1,信用,シンヨー,名詞
1,ビックリ,ビックリ,名詞
1,疑わ,ウタガワ,動詞
1,退か,シリゾカ,動詞
1,やけに,ヤケニ,副詞
1,担任,タンニン,名詞
1,肩書き,カタガキ,名詞
1,送れ,オクレ,動詞
1,送り,オクリ,動詞
1,尽かす,ツカス,動詞
1,再会,サイカイ,名詞
1,入れよ,イレヨ,動詞
1,入れろ,イレロ,動詞
1,アイディア,アイディア,名詞
1,真っ向,マッコー,名詞
1,真ん中,マンナカ,名詞
1,閉じ込める,トジコメル,動詞
1,保育,ホイク,名詞
1,手当,テアテ,名詞
1,やっぱ,ヤッパ,副詞
1,具体,グタイ,名詞
1,兼任,ケンニン,名詞
1,通し,トーシ,名詞
1,やすい,ヤスイ,形容詞
1,メニュー,メニュー,名詞
1,換え,カエ,名詞
1,懐柔,カイジュー,名詞
1,やばい,ヤバイ,形容詞
1,探せ,サガセ,動詞
1,怖かっ,コワカッ,形容詞
1,現実,ゲンジツ,名詞
1,探っ,サグッ,動詞
1,そのまま,ソノママ,副詞
1,カーテン,カーテン,名詞
1,やめる,ヤメル,動詞
1,進ま,ススマ,動詞
1,進む,ススム,動詞
1,誤魔化し,ゴマカシ,動詞
1,チームリーダー,チームリーダー,名詞
1,気に入ら,キニイラ,動詞
1,気に入っ,キニイッ,動詞
1,掴み,ツカミ,動詞
1,戦慄,センリツ,名詞
1,突きつけ,ツキツケ,動詞
1,玉手箱,タマテバコ,名詞
1,飲み物,ノミモノ,名詞
1,貴重,キチョー,名詞
1,代表,ダイヒョー,名詞
1,冷た,ツメタ,形容詞
1,走り回っ,ハシリマワッ,動詞
1,返っ,カエッ,動詞
1,返さ,カエサ,動詞
1,貯金,チョキン,名詞
1,近く,チカク,名詞
1,まぐれ,マグレ,名詞
1,まくれ,マクレ,動詞
1,まくり,マクリ,動詞
1,黄色,キイロ,名詞
1,備品,ビヒン,名詞
1,現代,ゲンダイ,名詞
1,ごきげんよう,ゴキゲンヨー,感動詞
1,飛行機雲,ヒコーキグモ,名詞
1,込め,コメ,動詞
1,追う,オウ,動詞
1,ものすご,モノスゴ,形容詞
1,仲良,ナカヨ,形容詞
1,乗り込ん,ノリコン,動詞
1,見逃す,ミノガス,動詞
1,見送っ,ミオクッ,動詞
1,転入,テンニュー,名詞
1,握手,アクシュ,名詞
1,敷い,シイ,動詞
1,敷か,シカ,動詞
1,まじめ,マジメ,名詞
1,迫っ,セマッ,動詞
1,生っ,ナッ,動詞
1,生え,ハエ,動詞
1,美味しい,オイシイ,形容詞
1,またし,マタシ,動詞
1,父親,チチオヤ,名詞
1,甘く,アマク,形容詞
1,時には,トキニワ,副詞
1,まとい,マトイ,動詞
1,散っ,チッ,動詞
1,まわっ,マワッ,動詞
1,出よ,デヨ,動詞
1,ちょっぴり,チョッピリ,副詞
1,見分け,ミワケ,名詞
1,持ち主,モチヌシ,名詞
1,出さ,ダサ,動詞
1,散る,チル,動詞
1,とんでも,トンデモ,名詞
1,出せ,ダセ,動詞
1,見出し,ミイダシ,動詞
1,交際,コーサイ,名詞
1,ランドセル,ランドセル,名詞
1,うるさかっ,ウルサカッ,形容詞
1,差し上げ,サシアゲ,動詞
1,まんま,マンマ,名詞
1,切る,キル,動詞
1,売りつける,ウリツケル,動詞
1,救わ,スクワ,動詞
1,代金,ダイキン,名詞
1,アップルパイ,アップルパイ,名詞
1,家庭科,カテイカ,名詞
1,会議,カイギ,名詞
1,ようやく,ヨーヤク,副詞
1,厳しく,キビシク,形容詞
1,厳しい,キビシイ,形容詞
1,イメージ,イメージ,名詞
1,真っ暗,マックラ,名詞
1,掛かり,カカリ,動詞
1,届けよ,トドケヨ,動詞
1,春休み,ハルヤスミ,名詞
1,明後日,ミョーゴニチ,名詞
1,付け込ん,ツケコン,動詞
1,めくれ,メクレ,動詞
1,お疲れさま,オツカレサマ,感動詞
1,真っ最中,マッサイチュー,名詞
1,情けな,ナサケナ,形容詞
1,王国,オーコク,名詞
1,放せ,ハナセ,動詞
1,人選,ジンセン,名詞
1,めがけ,メガケ,動詞
1,走り回る,ハシリマワル,動詞
1,今週,コンシュー,名詞
1,抜群,バツグン,名詞
1,支え,ササエ,動詞
1,事項,ジコー,名詞
1,かっこいー,カッコイイ,形容詞
1,通える,カヨエル,動詞
1,立ち入っ,タチイッ,動詞
1,作業,サギョー,名詞
1,泊まる,トマル,動詞
1,泊まら,トマラ,動詞
1,べつに,ベツニ,副詞
1,泊める,トメル,動詞
1,住民,ジューミン,名詞
1,企画,キカク,名詞
1,比べもの,クラベモノ,名詞
1,一躍,イチヤク,副詞
1,何故,ナゼ,副詞
1,握力,アクリョク,名詞
1,目覚まし,メザマシ,名詞
1,推奨,スイショー,名詞
1,信号,シンゴー,名詞
1,手荒,テアラ,名詞
1,目覚める,メザメル,動詞
1,些細,ササイ,名詞
1,ほうっ,ホーッ,動詞
1,一途,イチズ,名詞
1,タレント,タレント,名詞
1,なくなり,ナクナリ,動詞
1,上達,ジョータツ,名詞
1,振替,フリカエ,名詞
1,投票,トーヒョー,名詞
1,取っておき,トッテオキ,名詞
1,地平線,チヘイセン,名詞
1,中間,チューカン,名詞
1,共に,トモニ,副詞
1,すっごく,スッゴク,形容詞
1,無理矢理,ムリヤリ,副詞
1,投球,トーキュー,名詞
1,挫折,ザセツ,名詞
1,軽く,カルク,形容詞
1,いただく,イタダク,動詞
1,いただか,イタダカ,動詞
1,ほしく,ホシク,形容詞
1,文無し,モンナシ,名詞
1,挙手,キョシュ,名詞
1,免れ,マヌカレ,動詞
1,めんどく,メンドク,形容詞
1,春巻き,ハルマキ,名詞
1,思い浮かべ,オモイウカベ,動詞
1,予行,ヨコー,名詞
1,入ら,ハイラ,動詞
1,入ろ,ハイロ,動詞
1,全く,マッタク,副詞
1,全て,スベテ,名詞
1,取り立て,トリタテ,動詞
1,卑屈,ヒクツ,名詞
1,当たりまえ,アタリマエ,名詞
1,怪獣,カイジュー,名詞
1,打て,ウテ,動詞
1,打ち,ウチ,動詞
1,払わ,ハラワ,動詞
1,払う,ハラウ,動詞
1,払え,ハラエ,動詞
1,べたべた,ベタベタ,副詞
1,逆転,ギャクテン,名詞
1,無論,ムロン,副詞
1,正しかっ,タダシカッ,形容詞
1,扱う,アツカウ,動詞
1,扱い,アツカイ,名詞
1,当選,トーセン,名詞
1,突き落とし,ツキオトシ,動詞
1,急病,キュービョー,名詞
1,現に,ゲンニ,副詞
1,博士,ハカセ,名詞
1,出任せ,デマカセ,名詞
1,形跡,ケイセキ,名詞
1,プリント,プリント,名詞
1,見渡す,ミワタス,動詞
1,意地悪,イジワル,名詞
1,物心,ブッシン,名詞
1,なっちゃん,ナッチアン,名詞
1,参列,サンレツ,名詞
1,見習う,ミナラウ,動詞
1,近郊,キンコー,名詞
1,先走っ,サキバシッ,動詞
1,もてなし,モテナシ,動詞
1,見習っ,ミナラッ,動詞
1,ハウツー,ハウツー,名詞
1,かき回し,カキマワシ,動詞
1,応用,オーヨー,名詞
1,誇れる,ホコレル,動詞
1,贈り物,オクリモノ,名詞
1,司会,シカイ,名詞
1,引退,インタイ,名詞
1,爽快,ソーカイ,名詞
1,たわけよ,タワケヨ,動詞
1,落ち着け,オチツケ,動詞
1,落ち着か,オチツカ,動詞
1,反則,ハンソク,名詞
1,戻し,モドシ,動詞
1,功績,コーセキ,名詞
1,可愛かっ,カワイカッ,形容詞
1,ぼやぼや,ボヤボヤ,名詞
1,退職,タイショク,名詞
1,振る舞え,フルマエ,動詞
1,言い分,イーブン,名詞
1,見せれ,ミセレ,動詞
1,引っ付か,ヒッツカ,動詞
1,つやつや,ツヤツヤ,副詞
1,駆け引き,カケヒキ,名詞
1,色仕掛け,イロジカケ,名詞
1,勃発,ボッパツ,名詞
1,年頃,トシゴロ,名詞
1,恋心,コイゴコロ,名詞
1,息子,ムスコ,名詞
1,免許,メンキョ,名詞
1,うぬぼれる,ウヌボレル,動詞
1,途端,トタン,名詞
1,お出まし,オデマシ,名詞
1,出発,シュッパツ,名詞
1,化合,カゴー,名詞
1,ややこしい,ヤヤコシイ,形容詞
1,通算,ツーサン,名詞
1,胸焼け,ムネヤケ,名詞
1,物体,ブッタイ,名詞
1,公認,コーニン,名詞
1,懲り,コリ,動詞
1,性格,セイカク,名詞
1,とびきり,トビキリ,副詞
1,半分,ハンブン,名詞
1,先週,センシュー,名詞
1,殴り込み,ナグリコミ,名詞
1,退けよ,シリゾケヨ,動詞
1,受け継ぎ,ウケツギ,動詞
1,打ち込む,ウチコム,動詞
1,釣り合わ,ツリアワ,動詞
1,卑下,ヒゲ,名詞
1,どさくさ,ドサクサ,名詞
1,幸運,コーウン,名詞
1,好き嫌い,スキキライ,名詞
1,あきらめろ,アキラメロ,動詞
1,あきらめる,アキラメル,動詞
1,当番,トーバン,名詞
1,動揺,ドーヨー,名詞
1,飛びつか,トビツカ,動詞
1,飛びつい,トビツイ,動詞
1,大当たり,オーアタリ,名詞
1,申し訳,モーシワケ,名詞
1,かわいらしい,カワイラシイ,形容詞
1,入賞,ニューショー,名詞
1,芽生える,メバエル,動詞
1,ボランティア,ボランティア,名詞
1,底辺,テイヘン,名詞
1,安らげ,ヤスラゲ,動詞
1,呪わ,ノロワ,動詞
1,選手,センシュ,名詞
1,免除,メンジョ,名詞
1,怠惰,タイダ,名詞
1,コミュニケーション,コミュニケーション,名詞
1,得点,トクテン,名詞
1,恩返し,オンガエシ,名詞
1,千夏,チナツ,名詞
1,ぐっすり,グッスリ,副詞
1,思惑,オモワク,名詞
1,往生,オージョー,名詞
1,追って,オッテ,接続詞
1,原付,ゲンツキ,名詞
1,鼓膜,コマク,名詞
1,欲しく,ホシク,形容詞
1,守れよ,マモレヨ,動詞
1,灰色,ハイイロ,名詞
1,微熱,ビネツ,名詞
1,和み,ナゴミ,動詞
1,ともかく,トモカク,副詞
1,分担,ブンタン,名詞
1,もの凄い,モノスゴイ,形容詞
1,見つかる,ミツカル,動詞
1,部分,ブブン,名詞
1,転入生,テンニューセイ,名詞
1,過敏,カビン,名詞
1,制度,セイド,名詞
1,手前,テマエ,名詞
1,わずか,ワズカ,副詞
1,陽射し,ヒザシ,名詞
1,捧げ,ササゲ,動詞
1,引っ込ん,ヒッコン,動詞
1,達成,タッセイ,名詞
1,出来る,デキル,動詞
1,ぴったり,ピッタリ,名詞
1,及び,オヨビ,動詞
1,加勢,カセイ,名詞
1,内申,ナイシン,名詞
1,無数,ムスー,名詞
1,連日,レンジツ,名詞
1,傷跡,キズアト,名詞
1,制御,セイギョ,名詞
1,参っ,マイッ,動詞
1,労働,ロードー,名詞
1,狙い,ネライ,名詞
1,先約,センヤク,名詞
1,狙っ,ネラッ,動詞
1,取り,トリ,名詞
1,取っ,トッ,動詞
1,掃い,ハイ,動詞
1,動作,ドーサ,名詞
1,独り,ヒトリ,名詞
1,わぁー,ワー,感動詞
1,重ね,カサネ,動詞
1,出直し,デナオシ,動詞
1,出直そ,デナオソ,動詞
1,速攻,ソッコー,名詞
1,言い張ら,イーハラ,動詞
1,患者,カンジャ,名詞
1,狂う,クルウ,動詞
1,言い過ぎ,イースギ,名詞
1,狂っ,クルッ,動詞
1,転訛,テンカ,名詞
1,言えよ,イエヨ,動詞
1,挫け,クジケ,動詞
1,飛行機,ヒコーキ,名詞
1,半永久,ハンエイキュー,名詞
1,挟ま,ハサマ,動詞
1,暮らす,クラス,動詞
1,戦争,センソー,名詞
1,始まり,ハジマリ,動詞
1,暮らそ,クラソ,動詞
1,叱っ,シカッ,動詞
1,勝利,ショーリ,名詞
1,乗り気,ノリキ,名詞
1,前方,ゼンポー,名詞
1,書き写す,カキウツス,動詞
1,引っ張ら,ヒッパラ,動詞
1,道場,ドージョー,名詞
1,もたらす,モタラス,動詞
1,コンセプト,コンセプト,名詞
1,ご無沙汰,ゴブサタ,名詞
1,無愛想,ブアイソー,名詞
1,思い過ごし,オモイスゴシ,動詞
1,手下,テシタ,名詞
1,急遽,キューキョ,副詞
1,熱中,ネッチュー,名詞
1,わるい,ワルイ,形容詞
1,遊園,ユーエン,名詞
1,向く,ムク,動詞
1,向き,ムキ,動詞
1,向か,ムカ,動詞
1,見つける,ミツケル,動詞
1,見つけよ,ミツケヨ,動詞
1,名古屋,ナゴヤ,名詞
1,化し,カシ,動詞
1,思える,オモエル,動詞
1,売り切れ,ウリキレ,動詞
1,居心地,イゴコチ,名詞
1,心強い,ココロズヨイ,形容詞
1,そしたら,ソシタラ,接続詞
1,果たして,ハタシテ,副詞
1,切口,キリクチ,名詞
1,あらわそ,アラワソ,動詞
1,ハムスター,ハムスター,名詞
1,拝ま,オガマ,動詞
1,拝む,オガム,動詞
1,置き手紙,オキテガミ,名詞
1,過去,カコ,名詞
1,情熱,ジョーネツ,名詞
1,点検,テンケン,名詞
1,共有,キョーユー,名詞
1,遠出,トーデ,名詞
1,運命,ウンメイ,名詞
1,られん,ラレン,動詞
1,関わっ,カカワッ,動詞
1,信頼,シンライ,名詞
1,指す,サス,動詞
1,見りゃ,ミリャ,動詞
1,とぼけん,トボケン,動詞
1,ワンセット,ワンセット,名詞
1,辞書,ジショ,名詞
1,鳴らす,ナラス,動詞
1,鳴らし,ナラシ,動詞
1,人付き合い,ヒトズキアイ,名詞
1,りっぱ,リッパ,名詞
1,運勢,ウンセイ,名詞
1,借金,シャッキン,名詞
1,前例,ゼンレイ,名詞
1,意気,イキ,名詞
1,配れ,クバレ,動詞
1,達人,タツジン,名詞
1,進化,シンカ,名詞
1,持た,モタ,動詞
1,拾い,ヒロイ,動詞
1,イノシシ,イノシシ,名詞
1,感想,カンソー,名詞
1,抱き,イダキ,動詞
1,仕上げ,シアゲ,名詞
1,卒業生,ソツギョーセイ,名詞
1,愛想,アイソ,名詞
1,少なく,スクナク,形容詞
1,傍観,ボーカン,名詞
1,無口,ムクチ,名詞
1,コンタクト,コンタクト,名詞
1,腕ずく,ウデズク,名詞
1,寝泊まり,ネトマリ,名詞
1,ろくに,ロクニ,副詞
1,あっけない,アッケナイ,形容詞
1,漫談,マンダン,名詞
1,出張,シュッチョー,名詞
1,思いだし,オモイダシ,動詞
1,恥ずかしく,ハズカシク,形容詞
1,優秀,ユーシュー,名詞
1,いつのまにか,イツノマニカ,副詞
1,無意味,ムイミ,名詞
1,瀬水,セミズ,名詞
1,散らかし,チラカシ,動詞
1,思いこみ,オモイコミ,動詞
1,思いこん,オモイコン,動詞
1,有意義,ユーイギ,名詞
1,迫力,ハクリョク,名詞
1,ソフトボール,ソフトボール,名詞
1,思いつき,オモイツキ,動詞
1,思いつか,オモイツカ,動詞
1,思いつい,オモイツイ,動詞
1,押す,オス,動詞
1,火星,カセイ,名詞
1,芸人,ゲイニン,名詞
1,工事,コージ,名詞
1,増える,フエル,動詞
1,増えれ,フエレ,動詞
1,使えよ,ツカエヨ,動詞
1,強がっ,ツヨガッ,動詞
1,帰れよ,カエレヨ,動詞
1,とっく,トック,副詞
1,とっさ,トッサ,名詞
1,顔出し,カオダシ,名詞
1,突っ込ん,ツッコン,動詞
1,わるかっ,ワルカッ,形容詞
1,道路,ドーロ,名詞
1,客間,キャクマ,名詞
1,お祭り騒ぎ,オマツリサワギ,名詞
1,どころ,ドコロ,名詞
1,流行,リューコー,名詞
1,リーダー,リーダー,名詞
1,渋滞,ジュータイ,名詞
1,どうにか,ドーニカ,副詞
1,遂行,スイコー,名詞
1,ライブ,ライブ,名詞
1,滅多,メッタ,名詞
1,ライト,ライト,名詞
1,重大,ジューダイ,名詞
1,噛み合わ,カミアワ,動詞
1,ないし,ナイシ,接続詞
1,就職,シューショク,名詞
1,なくっ,ナクッ,形容詞
1,なくし,ナクシ,動詞
1,なくす,ナクス,動詞
1,近頃,チカゴロ,名詞
1,なぎさ,ナギサ,名詞
1,増やし,フヤシ,動詞
1,増やす,フヤス,動詞
1,なさっ,ナサッ,動詞
1,なさる,ナサル,動詞
1,生きる,イキル,動詞
1,如何なる,イカナル,連体詞
1,仲間割れ,ナカマワレ,名詞
1,その後,ソノゴ,名詞
1,肉食,ニクショク,名詞
1,若人,ワコード,名詞
1,ムキになら,ムキニナラ,動詞
1,とっとと,トットト,副詞
1,連れ込も,ツレコモ,動詞
1,筋合い,スジアイ,名詞
1,連れ込ん,ツレコン,動詞
1,さびしい,サビシイ,形容詞
1,至ら,イタラ,動詞
1,さびしく,サビシク,形容詞
1,至る,イタル,動詞
1,はぐらかさ,ハグラカサ,動詞
1,なまっ,ナマッ,動詞
1,なめん,ナメン,動詞
1,金持,カネモチ,名詞
1,苦労,クロー,名詞
1,羽目,ハメ,名詞
1,なれよ,ナレヨ,動詞
1,なれる,ナレル,動詞
1,パーセント,パーセント,名詞
1,デザイン,デザイン,名詞
1,庇っ,カバッ,動詞
1,活躍,カツヤク,名詞
1,花壇,カダン,名詞
1,広く,ヒロク,形容詞
1,険しい,ケワシイ,形容詞
1,木彫り,キボリ,名詞
1,ミュージカル,ミュージカル,名詞
1,なんど,ナンド,名詞
1,彫ら,ホラ,動詞
1,彫れ,ホレ,動詞
1,向かい,ムカイ,名詞
1,渡米,トベイ,名詞
1,インスピレーション,インスピレーション,名詞
1,弾か,ヒカ,動詞
1,巧妙,コーミョー,名詞
1,布団,フトン,名詞
1,唱えろ,トナエロ,動詞
1,仲間はずれ,ナカマハズレ,名詞
1,リード,リード,名詞
1,のける,ノケル,動詞
1,当て,アテ,名詞
1,怒り狂っ,イカリクルッ,動詞
1,ごめんください,ゴメンクダサイ,感動詞
1,のきゃ,ノキャ,動詞
1,職業,ショクギョー,名詞
1,どうやら,ドーヤラ,副詞
1,脊髄,セキズイ,名詞
1,ラップ,ラップ,名詞
1,もらい物,モライモノ,名詞
1,苦情,クジョー,名詞
1,おとうさん,オトーサン,名詞
1,宿題,シュクダイ,名詞
1,セオリー,セオリー,名詞
1,リアル,リアル,名詞
1,とばっちり,トバッチリ,名詞
1,野石,ノイシ,名詞
1,はがし,ハガシ,動詞
1,弱く,ヨワク,形容詞
1,弱み,ヨワミ,名詞
1,のばし,ノバシ,動詞
1,飛び降りる,トビオリル,動詞
1,はぐれ,ハグレ,動詞
1,役に立っ,ヤクニタッ,動詞
1,建て,タテ,動詞
1,小説,ショーセツ,名詞
1,ボクサー,ボクサー,名詞
1,工具,コーグ,名詞
1,照れくさかっ,テレクサカッ,形容詞
1,ラムネ,ラムネ,名詞
1,余りもの,アマリモノ,名詞
1,漫才,マンザイ,名詞
1,せいなん,セイナン,名詞
1,引っかかる,ヒッカカル,動詞
1,野球,ヤキュー,名詞
1,クライマックス,クライマックス,名詞
1,お尋ね,オタズネ,名詞
1,丸く,マルク,形容詞
1,振れる,フレル,動詞
1,どきどき,ドキドキ,名詞
1,甘える,アマエル,動詞
1,並外れ,ナミハズレ,動詞
1,貸せる,カセル,動詞
1,焦ら,アセラ,動詞
1,署名,ショメイ,名詞
1,焼く,ヤク,動詞
1,焼き,ヤキ,名詞
1,はやる,ハヤル,動詞
1,乗る,ノル,動詞
1,ポーズ,ポーズ,名詞
1,ポルトガル,ポルトガル,名詞
1,宝物,ホーモツ,名詞
1,つきあえよ,ツキアエヨ,動詞
1,完璧,カンペキ,名詞
1,尊敬,ソンケイ,名詞
1,美味,ビミ,名詞
1,出会える,デアエル,動詞
1,無い,ナイ,形容詞
1,ひいき,ヒイキ,名詞
1,繻珍,シチン,名詞
1,手っ取り早い,テットリバヤイ,形容詞
1,ひかえ,ヒカエ,動詞
1,みみっち,ミミッチ,形容詞
1,レコード,レコード,名詞
1,若い,ワカイ,形容詞
1,胸毛,ムナゲ,名詞
1,尻尾,シッポ,名詞
1,脚本,キャクホン,名詞
1,嘘つき,ウソツキ,名詞
1,対抗,タイコー,名詞
1,リアクション,リアクション,名詞
1,照れ,テレ,動詞
1,上り,ノボリ,動詞
1,三つ,ミッツ,名詞
1,満足,マンゾク,名詞
1,背け,ソムケ,動詞
1,閉じ込め,トジコメ,動詞
1,少年,ショーネン,名詞
1,苦し,クルシ,形容詞
1,若く,ワカク,形容詞
1,義務,ギム,名詞
1,孤独,コドク,名詞
1,ご存じ,ゴゾンジ,名詞
1,知らせ,シラセ,名詞
1,インドネシア,インドネシア,名詞
1,上半身,ジョーハンシン,名詞
1,ホール,ホール,名詞
1,重んじる,オモンジル,動詞
1,並み,ナミ,名詞
1,漫画,マンガ,名詞
1,考えれ,カンガエレ,動詞
1,考えよ,カンガエヨ,動詞
1,家政,カセイ,名詞
1,組み合わせ,クミアワセ,動詞
1,費やし,ツイヤシ,動詞
1,ふつう,フツー,副詞
1,ふたつ,フタツ,名詞
1,致命,チメイ,名詞
1,怪しい,アヤシイ,形容詞
1,ムード,ムード,名詞
1,ふざけ,フザケ,動詞
1,嘲笑っ,アザワラッ,動詞
1,くれりゃ,クレリャ,動詞
1,意気込み,イキゴミ,名詞
1,付き添っ,ツキソッ,動詞
1,くだらない,クダラナイ,形容詞
1,組み上げ,クミアゲ,動詞
1,小生,ショーセイ,名詞
1,山椒,サンショー,名詞
1,やさしい,ヤサシイ,形容詞
1,たっぷり,タップリ,副詞
1,一安心,ヒトアンシン,名詞
1,代え,カエ,動詞
1,小遣い,コズカイ,名詞
1,改める,アラタメル,動詞
1,帰ら,カエラ,動詞
1,自宅,ジタク,名詞
1,災厄,サイヤク,名詞
1,常に,ツネニ,副詞
1,仮に,カリニ,副詞
1,頼れる,タヨレル,動詞
1,演習,エンシュー,名詞
1,荒い,アライ,形容詞
1,改まっ,アラタマッ,動詞
1,身の程知らず,ミノホドシラズ,名詞
1,むき出し,ムキダシ,名詞
1,改めて,アラタメテ,副詞
1,軽犯罪,ケイハンザイ,名詞
1,住み着い,スミツイ,動詞
1,学芸,ガクゲイ,名詞
1,同い年,オナイドシ,名詞
1,演説,エンゼツ,名詞
1,二つ,フタツ,名詞
1,つきあう,ツキアウ,動詞
1,肉体,ニクタイ,名詞
1,自分勝手,ジブンガッテ,名詞
1,へこん,ヘコン,動詞
1,冷やさ,ヒヤサ,動詞
1,冷やし,ヒヤシ,動詞
1,呼び鈴,ヨビリン,名詞
1,裏切れ,ウラギレ,動詞
1,フォーム,フォーム,名詞
1,からかわ,カラカワ,動詞
1,脚絆,キャハン,名詞
1,甲斐性,カイショー,名詞
1,しのぎ,シノギ,名詞
1,飛ばさ,トバサ,動詞
1,飛ばし,トバシ,動詞
1,微動,ビドー,名詞
1,清く,キヨク,形容詞
1,中国,チューゴク,名詞
1,しまわ,シマワ,動詞
1,人差し指,ヒトサシユビ,名詞
1,必勝,ヒッショー,名詞
1,一家,イッカ,名詞
1,じつに,ジツニ,副詞
1,しめる,シメル,動詞
1,紅茶,コーチャ,名詞
1,大きく,オーキク,形容詞
1,復唱,フクショー,名詞
1,気楽,キラク,名詞
1,余る,アマル,動詞
1,しるし,シルシ,名詞
1,さらに,サラニ,副詞
1,さらす,サラス,動詞
1,とことん,トコトン,名詞
1,結界,ケッカイ,名詞
1,住も,スモ,動詞
1,住む,スム,動詞
1,度目,ドメ,名詞
1,不埒,フラチ,名詞
1,さわら,サワラ,動詞
1,低い,ヒクイ,形容詞
1,美しく,ウツクシク,形容詞
1,片づけ,カタズケ,動詞
1,渡す,ワタス,動詞
1,しずれ,シズレ,動詞
1,減り,ヘリ,動詞
1,減る,ヘル,動詞
1,したら,シタラ,接続詞
1,教える,オシエル,動詞
1,ごまかせ,ゴマカセ,動詞
1,美し,ウツクシ,形容詞
1,しっぽ,シッポ,名詞
1,主人,シュジン,名詞
1,一味,ヒトアジ,副詞
1,一周,イッシュー,名詞
1,おみやげ,オミヤゲ,名詞
1,一同,イチドー,名詞
1,お客様,オキャクサマ,名詞
1,正解,セイカイ,名詞
1,一員,イチイン,名詞
1,芳香,ホーコー,名詞
1,素行,ソコー,名詞
1,悟る,サトル,動詞
1,気づきゃ,キズキャ,動詞
1,会お,アオ,動詞
1,会う,アウ,動詞
1,役割,ヤクワリ,名詞
1,禁ずる,キンズル,動詞
1,書き置き,カキオキ,名詞
1,うまかっ,ウマカッ,形容詞
1,気づかっ,キズカッ,動詞
1,すりゃ,スリャ,動詞
1,せがれ,セガレ,名詞
1,歌詞,カシ,名詞
1,生き物,イキモノ,名詞
1,後半,コーハン,名詞
1,すごし,スゴシ,形容詞
1,ひっくり返っ,ヒックリカエッ,動詞
1,すさむ,スサム,動詞
1,すぎよ,スギヨ,動詞
1,汚点,オテン,名詞
1,開き,ヒラキ,動詞
1,開か,ヒラカ,動詞
1,閉め,シメ,動詞
1,開い,ヒライ,動詞
1,役員,ヤクイン,名詞
1,悩む,ナヤム,動詞
1,悪ぅ,ワルー,形容詞
1,上下,ジョーゲ,名詞
1,一対一,イチタイイチ,名詞
1,法律,ホーリツ,名詞
1,すてる,ステル,動詞
1,じゃろ,ジャロ,助動詞
1,企み,タクラミ,動詞
1,すっご,スッゴ,形容詞
1,すっと,スット,副詞
1,吹き込む,フキコム,動詞
1,おもしろ,オモシロ,形容詞
1,のっぺらぼう,ノッペラボー,名詞
1,通りがかり,トーリガカリ,名詞
1,延期,エンキ,名詞
1,せまら,セマラ,動詞
1,つっつい,ツッツイ,動詞
1,つっつけ,ツッツケ,動詞
1,呼びかけ,ヨビカケ,動詞
1,以内,イナイ,名詞
1,鍵盤,ケンバン,名詞
1,そこら,ソコラ,副詞
1,やかまし,ヤカマシ,形容詞
1,そうね,ソーネ,感動詞
1,通り過ぎる,トーリスギル,動詞
1,バッターボックス,バッターボックス,名詞
1,歯車,ハグルマ,名詞
1,長引い,ナガビイ,動詞
1,呼びつけ,ヨビツケ,動詞
1,かたまり,カタマリ,動詞
1,三月,サンガツ,名詞
1,主従,シュージュー,名詞
1,一時,イチジ,名詞
1,両手,リョーテ,名詞
1,交友,コーユー,名詞
1,継続,ケイゾク,名詞
1,ずるく,ズルク,形容詞
1,この世,コノヨ,名詞
1,恐喝,キョーカツ,名詞
1,乙女,オトメ,名詞
1,当時,トージ,名詞
1,研究所,ケンキュージョ,名詞
1,役所,ヤクショ,名詞
1,聴き,キキ,動詞
1,聴か,キカ,動詞
1,もらえれ,モラエレ,動詞
1,送り出し,オクリダシ,動詞
1,交代,コータイ,名詞
1,建物,タテモノ,名詞
1,泥棒,ドロボー,名詞
1,河原撫子,カワラナデシコ,名詞
1,後悔,コーカイ,名詞
1,気色,ケシキ,名詞
1,たくも,タクモ,動詞
1,強気,ツヨキ,名詞
1,そろえ,ソロエ,動詞
1,ブラブラ,ブラブラ,副詞
1,お喋り,オシャベリ,名詞
1,そっぽ,ソッポ,名詞
1,自販機,ジハンキ,名詞
1,話し相手,ハナシアイテ,名詞
1,語り合える,カタリアエル,動詞
1,不快,フカイ,名詞
1,気づく,キズク,動詞
1,気づか,キズカ,動詞
1,彼方,カナタ,名詞
1,徹底,テッテイ,名詞
1,一帯,イッタイ,名詞
1,動かさ,ウゴカサ,動詞
1,浦島,ウラシマ,名詞
1,一度,イチド,副詞
1,水色,ミズイロ,名詞
1,中央,チューオー,名詞
1,吐き気,ハキケ,名詞
1,派手,ハデ,名詞
1,心底,シンソコ,名詞
1,やってのける,ヤッテノケル,動詞
1,度胸,ドキョー,名詞
1,動かす,ウゴカス,動詞
1,聞け,キケ,動詞
1,付き合えよ,ツキアエヨ,動詞
1,一心,イッシン,名詞
1,降る,フル,動詞
1,応え,コタエ,動詞
1,たわけ,タワケ,動詞
1,ちょくちょく,チョクチョク,副詞
1,体勢,タイセイ,名詞
1,降っ,フッ,動詞
1,あっという間に,アットユウマニ,副詞
1,ライバル,ライバル,名詞
1,たんす,タンス,名詞
1,希望,キボー,名詞
1,岸辺,キシベ,名詞
1,純情,ジュンジョー,名詞
1,だべり,ダベリ,動詞
1,似合,ニアイ,名詞
1,偽り,イツワリ,名詞
1,消息,ショーソク,名詞
1,もやもや,モヤモヤ,名詞
1,一線,イッセン,名詞
1,イラスト,イラスト,名詞
1,ちがう,チガウ,動詞
1,ちがい,チガイ,動詞
1,芝生,シバフ,名詞
1,何事,ナニゴト,名詞
1,交換,コーカン,名詞
1,陥る,オチイル,動詞
1,だせよ,ダセヨ,動詞
1,廃品,ハイヒン,名詞
1,主演,シュエン,名詞
1,たたく,タタク,動詞
1,生け垣,イケガキ,名詞
1,何かと,ナニカト,副詞
1,ただし,タダシ,接続詞
1,むちゃくちゃ,ムチャクチャ,名詞
1,注目,チューモク,名詞
1,取り外し,トリハズシ,名詞
1,だいぶ,ダイブ,副詞
1,下着,シタギ,名詞
1,限ら,カギラ,動詞
1,限り,カギリ,名詞
1,きちんと,キチント,副詞
1,いかがわしい,イカガワシイ,形容詞
1,っしょ,ッショ,助動詞
1,受けとめ,ウケトメ,動詞
1,事態,ジタイ,名詞
1,了承,リョーショー,名詞
1,結成,ケッセイ,名詞
1,よそよそしい,ヨソヨソシイ,形容詞
1,潔く,イサギヨク,形容詞
1,待ち,マチ,動詞
1,やり直し,ヤリナオシ,動詞
1,ちゃい,チャイ,動詞
1,何でも,ナンデモ,副詞
1,何とか,ナントカ,副詞
1,ちらさ,チラサ,動詞
1,彼ら,カレラ,名詞
1,用だっ,ヨウダッ,動詞
1,パラダイス,パラダイス,名詞
1,潤っ,ウルオッ,動詞
1,ちまい,チマイ,動詞
1,以前,イゼン,名詞
1,絶好,ゼッコー,名詞
1,真夜中,マヨナカ,名詞
1,活用,カツヨー,名詞
1,アイテム,アイテム,名詞
1,すっぽかし,スッポカシ,動詞
1,空かし,スカシ,動詞
1,隠れ,カクレ,動詞
1,ちくしょう,チクショー,名詞
1,けっして,ケッシテ,副詞
1,だるく,ダルク,形容詞
1,不満,フマン,名詞
1,潰し,ツブシ,動詞
1,だらけ,ダラケ,名詞
1,倒れ,タオレ,動詞
1,帽子,ボーシ,名詞
1,倒す,タオス,動詞
1,大忙し,オーイソガシ,名詞
1,住所,ジューショ,名詞
1,一言,ヒトコト,名詞
1,強力,キョーリョク,名詞
1,慌ただしい,アワタダシイ,形容詞
1,伝染,デンセン,名詞
1,人生,ジンセイ,名詞
1,さっぱり,サッパリ,副詞
1,紅玉,コーギョク,名詞
1,不要,フヨー,名詞
1,多くっ,オークッ,形容詞
1,残らず,ノコラズ,副詞
1,精神,セイシン,名詞
1,体操,タイソー,名詞
1,食べろ,タベロ,動詞
1,世話,セワ,名詞
1,予約,ヨヤク,名詞
1,っぽく,ッポク,形容詞
1,つつき,ツツキ,動詞
1,出かけよ,デカケヨ,動詞
1,結末,ケツマツ,名詞
1,開封,カイフー,名詞
1,働け,ハタラケ,動詞
1,働い,ハタライ,動詞
1,つくり,ツクリ,動詞
1,人物,ジンブツ,名詞
1,一行,イッコー,名詞
1,平気,ヘイキ,名詞
1,つける,ツケル,動詞
1,つくる,ツクル,動詞
1,さっそく,サッソク,副詞
1,開始,カイシ,名詞
1,ってか,ッテカ,接続詞
1,離す,ハナス,動詞
1,後片付け,アトカタズケ,名詞
1,難し,ムズカシ,形容詞
1,つかめ,ツカメ,動詞
1,開店,カイテン,名詞
1,廃墟,ハイキョ,名詞
1,他校,タコー,名詞
1,とおい,トーイ,形容詞
1,震え,フルエ,動詞
1,一色,イッショク,名詞
1,てらし,テラシ,動詞
1,滅亡,メツボー,名詞
1,怒る,オコル,動詞
1,怒り,イカリ,名詞
1,置け,オケ,動詞
1,休憩,キューケイ,名詞
1,価値,カチ,名詞
1,ただ今,タダイマ,副詞
1,置き,オキ,動詞
1,置か,オカ,動詞
1,濃い,コイ,形容詞
1,怖い,コワイ,形容詞
1,感づき,カンズキ,動詞
1,催し,モヨーシ,名詞
1,以来,イライ,名詞
1,振り返る,フリカエル,動詞
1,振り返っ,フリカエッ,動詞
1,伐採,バッサイ,名詞
1,茶筅,チャセン,名詞
1,焦らす,ジラス,動詞
1,づらい,ズライ,形容詞
1,でかい,デカイ,形容詞
1,グラウンド,グラウンド,名詞
1,さり気,サリゲ,名詞
1,人柄,ヒトガラ,名詞
1,あまりに,アマリニ,副詞
1,投げろ,ナゲロ,動詞
1,作品,サクヒン,名詞
1,今晩,コンバン,名詞
1,濡れ,ヌレ,動詞
1,両立,リョーリツ,名詞
1,長押,ナゲシ,名詞
1,怯え,オビエ,動詞
1,バイバイ,バイバイ,名詞
1,小学校,ショーガッコー,名詞
1,なんとも,ナントモ,副詞
1,チーム,チーム,名詞
1,うれし,ウレシ,形容詞
1,中学生,チューガクセイ,名詞
1,うんと,ウント,フィラー
1,手渡し,テワタシ,名詞
1,地面,ジメン,名詞
1,目指す,メザス,動詞
1,童謡,ドーヨー,名詞
1,浮かれ,ウカレ,動詞
1,坂道,サカミチ,名詞
1,外れれ,ハズレレ,動詞
1,外れる,ハズレル,動詞
1,大地,ダイチ,名詞
1,おかし,オカシ,形容詞
1,おおっ,オオッ,動詞
1,引っ張りだこ,ヒッパリダコ,名詞
1,苦しめ,クルシメ,動詞
1,おいし,オイシ,形容詞
1,追いつい,オイツイ,動詞
1,追いつか,オイツカ,動詞
1,夢想,ムソー,名詞
1,間柄,アイダガラ,名詞
1,機敏,キビン,名詞
1,パン焼き,パンヤキ,名詞
1,面し,メンシ,動詞
1,それにしても,ソレニシテモ,接続詞
1,吹奏楽,スイソーガク,名詞
1,絶っ,タッ,動詞
1,いりゃ,イリャ,動詞
1,いるか,イルカ,名詞
1,ちゃーん,チャーン,名詞
1,妥協,ダキョー,名詞
1,立ちゃ,タチャ,動詞
1,うっせ,ウッセ,動詞
1,うつる,ウツル,動詞
1,夕方,ユーガタ,名詞
1,多数,タスー,名詞
1,力ずく,チカラズク,名詞
1,スタミナ,スタミナ,名詞
1,外せる,ハズセル,動詞
1,バカバカしい,バカバカシイ,形容詞
1,追いかけ,オイカケ,動詞
1,うねっ,ウネッ,動詞
1,継ぎ,ツギ,動詞
1,テスト,テスト,名詞
1,ちらっと,チラット,副詞
1,鑑賞,カンショー,名詞
1,借りる,カリル,動詞
1,あーあ,アーア,感動詞
1,手伝わ,テツダワ,動詞
1,構造,コーゾー,名詞
1,泣け,ナケ,動詞
1,かまっ,カマッ,動詞
1,言い回し,イーマワシ,名詞
1,かまい,カマイ,動詞
1,がたく,ガタク,形容詞
1,四つんばい,ヨツンバイ,名詞
1,潰せる,ツブセル,動詞
1,近づき,チカズキ,動詞
1,といった,トイッタ,助詞
1,頼り,タヨリ,名詞
1,頼め,タノメ,動詞
1,止まら,トマラ,動詞
1,手当て,テアテ,名詞
1,テニス,テニス,名詞
1,親馬鹿,オヤバカ,名詞
1,好意,コーイ,名詞
1,教職員,キョーショクイン,名詞
1,繋ご,ツナゴ,動詞
1,繋が,ツナガ,動詞
1,手遅れ,テオクレ,名詞
1,かわい,カワイ,動詞
1,あいさつ,アイサツ,名詞
1,ステージ,ステージ,名詞
1,外泊,ガイハク,名詞
1,止める,トメル,動詞
1,集まら,アツマラ,動詞
1,粗末,ソマツ,名詞
1,呼べよ,ヨベヨ,動詞
1,テープ,テープ,名詞
1,テーマ,テーマ,名詞
1,治り,ナオリ,動詞
1,頂か,イタダカ,動詞
1,頂け,イタダケ,動詞
1,女将,オカミ,名詞
1,積み重なっ,ツミカサナッ,動詞
1,沸き,ワキ,動詞
1,集団,シューダン,名詞
1,きっぱり,キッパリ,副詞
1,響き,ヒビキ,動詞
1,スフィンクス,スフィンクス,名詞
1,がらみ,ガラミ,名詞
1,かかわっ,カカワッ,動詞
1,ハーレム,ハーレム,名詞
1,笑顔,エガオ,名詞
1,電化,デンカ,名詞
1,デパート,デパート,名詞
1,かわいそう,カワイソー,名詞
1,関節,カンセツ,名詞
1,並べる,ナラベル,動詞
1,天然,テンネン,名詞
1,甘やかし,アマヤカシ,動詞
1,おごら,オゴラ,動詞
1,おこら,オコラ,動詞
1,おごっ,オゴッ,動詞
1,ディフェンス,ディフェンス,名詞
1,うなされ,ウナサレ,動詞
1,トライ,トライ,名詞
1,とうとう,トートー,副詞
1,ハードル,ハードル,名詞
1,墜落,ツイラク,名詞
1,沈ん,シズン,動詞
1,おなか,オナカ,名詞
1,行わ,オコナワ,動詞
1,手一杯,テイッパイ,名詞
1,かぎり,カギリ,名詞
1,かけれ,カケレ,動詞
1,かける,カケル,動詞
1,集合,シューゴー,名詞
1,かかり,カカリ,動詞
1,ふわふわ,フワフワ,副詞
1,当たる,アタル,動詞
1,当たり,アタリ,名詞
1,かげん,カゲン,名詞
1,ドレス,ドレス,名詞
1,つたなかっ,ツタナカッ,形容詞
1,ドラマ,ドラマ,名詞
1,姿勢,シセイ,名詞
1,かたく,カタク,形容詞
1,おぼろ,オボロ,名詞
1,おぼれ,オボレ,動詞
1,死人,シニン,名詞
1,かなっ,カナッ,動詞
1,縫う,ヌウ,動詞
1,簡潔,カンケツ,名詞
1,および,オヨビ,助詞
1,衰え,オトロエ,動詞
1,引き止め,ヒキトメ,動詞
1,正体,ショータイ,名詞
1,トーク,トーク,名詞
1,かばん,カバン,名詞
1,雨合羽,アマガッパ,名詞
1,開発,カイハツ,名詞
1,穏やか,オダヤカ,名詞
1,おろし,オロシ,動詞
1,パソコン,パソコン,名詞
1,母性,ボセイ,名詞
1,スリー,スリー,名詞
1,くるん,クルン,動詞
1,ありがたく,アリガタク,形容詞
1,あくまで,アクマデ,副詞
1,ひとつひとつ,ヒトツヒトツ,名詞
1,薄情,ハクジョー,名詞
1,奴ら,ヤツラ,名詞
1,地獄,ジゴク,名詞
1,報告,ホーコク,名詞
1,オモチャ,オモチャ,名詞
1,場合,バアイ,名詞
1,水中,スイチュー,名詞
1,気前,キマエ,名詞
1,因縁,インネン,名詞
1,慣れっこ,ナレッコ,名詞
1,不健康,フケンコー,名詞
1,奏で,カナデ,動詞
1,回答,カイトー,名詞
1,落っこち,オッコチ,動詞
1,踏み越え,フミコエ,動詞
1,土産,ミヤゲ,名詞
1,セット,セット,名詞
1,流し,ナガシ,動詞
1,アフリカ,アフリカ,名詞
1,欠片,カケラ,名詞
1,在職,ザイショク,名詞
1,とかいう,トカユウ,助詞
1,模試,モシ,名詞
1,くじけ,クジケ,動詞
1,空港,クーコー,名詞
1,くさい,クサイ,形容詞
1,ひたむき,ヒタムキ,名詞
1,ジョーク,ジョーク,名詞
1,きらい,キライ,名詞
1,リクエスト,リクエスト,名詞
1,きょう,キョー,名詞
1,優しく,ヤサシク,形容詞
1,だいじょうぶ,ダイジョーブ,名詞
1,願っ,ネガッ,動詞
1,セント,セント,名詞
1,私見,シケン,名詞
1,カタログ,カタログ,名詞
1,なるほど,ナルホド,感動詞
1,近付く,チカズク,動詞
1,なるべく,ナルベク,副詞
1,別れる,ワカレル,動詞
1,くだけ,クダケ,動詞
1,ホイホイ,ホイホイ,副詞
1,ぎゃあ,ギャー,感動詞
1,気付け,キツケ,名詞
1,気付き,キズキ,動詞
1,ソフト,ソフト,名詞
1,組む,クム,動詞
1,静止,セイシ,名詞
1,河原,カワラ,名詞
1,ごぼう,ゴボー,名詞
1,空虚,クーキョ,名詞
1,させる,サセル,動詞
1,タイム,タイム,名詞
1,おかあさん,オカーサン,名詞
1,非業,ヒゴー,名詞
1,さかな,サカナ,名詞
1,タオル,タオル,名詞
1,こわれ,コワレ,動詞
1,回送,カイソー,名詞
1,ころび,コロビ,動詞
1,決まら,キマラ,動詞
1,叶えろ,カナエロ,動詞
1,叶えれ,カナエレ,動詞
1,腹立つ,ハラダツ,動詞
1,正確,セイカク,名詞
1,たいした,タイシタ,連体詞
1,絡ん,カラン,動詞
1,ときどき,トキドキ,副詞
1,韓国,カンコク,名詞
1,たいてい,タイテイ,副詞
1,たいそう,タイソー,副詞
1,うちあげ,ウチアゲ,動詞
1,範囲,ハンイ,名詞
1,毎晩,マイバン,名詞
1,飽き,アキ,動詞
1,こうか,コーカ,名詞
1,飲ま,ノマ,動詞
1,飲め,ノメ,動詞
1,電気,デンキ,名詞
1,多分,タブン,副詞
1,けれど,ケレド,助詞
1,間際,マギワ,名詞
1,間隔,カンカク,名詞
1,食え,クエ,動詞
1,食お,クオ,動詞
1,食う,クウ,動詞
1,ボーリング,ボーリング,名詞
1,権限,ケンゲン,名詞
1,標題,ヒョーダイ,名詞
1,変えよ,カエヨ,動詞
1,上級生,ジョーキューセイ,名詞
1,罪ほろぼし,ツミホロボシ,名詞
1,飛ぶ,トブ,動詞
1,捕まっ,ツカマッ,動詞
1,こぼれ,コボレ,名詞
1,世の中,ヨノナカ,名詞
1,非常,ヒジョー,名詞
1,ダンゴ,ダンゴ,名詞
1,うっかり,ウッカリ,名詞
1,よろこん,ヨロコン,動詞
1,大上,オーガミ,名詞
1,羨ましい,ウラヤマシイ,形容詞
1,学会,ガッカイ,名詞
1,ほっぽらかし,ホッポラカシ,動詞
1,荒れる,アレル,動詞
1,早かっ,ハヤカッ,形容詞
1,依然として,イゼントシテ,副詞
1,根気,コンキ,名詞
1,おかしかっ,オカシカッ,形容詞
1,にっこり,ニッコリ,副詞
1,本質,ホンシツ,名詞
1,暗黙,アンモク,名詞
1,ひしめい,ヒシメイ,動詞
1,放ったらかし,ホッタラカシ,名詞
1,築い,キズイ,動詞
1,夜露,ヨツユ,名詞
1,香り,カオリ,名詞
1,乗り出し,ノリダシ,動詞
1,オランダ,オランダ,名詞
1,追い上げ,オイアゲ,名詞
1,押さえ,オサエ,動詞
1,フォア,フォア,名詞
1,チームワーク,チームワーク,名詞
1,ピッチャー,ピッチャー,名詞
1,楽しめる,タノシメル,動詞
1,製品,セイヒン,名詞
1,学名,ガクメイ,名詞
1,青竹,アオダケ,名詞
1,表札,ヒョーサツ,名詞
1,訪れ,オトズレ,動詞
1,被害,ヒガイ,名詞
1,駆け,カケ,動詞
1,託さ,タクサ,動詞
1,託し,タクシ,動詞
1,泣き虫,ナキムシ,名詞
1,ネクタイ,ネクタイ,名詞
1,ミュージシャン,ミュージシャン,名詞
1,訊き,キキ,動詞
1,頑固,ガンコ,名詞
1,封じ込めろ,フージコメロ,動詞
1,実力,ジツリョク,名詞
1,相変わら,アイカワラ,動詞
1,忘れる,ワスレル,動詞
1,子守,コモリ,名詞
1,見放さ,ミハナサ,動詞
1,フライ,フライ,名詞
1,フリー,フリー,名詞
1,へったくれ,ヘッタクレ,名詞
1,解け,トケ,動詞
1,ゴロゴロ,ゴロゴロ,副詞
1,お先に,オサキニ,副詞
1,ピント,ピント,名詞
1,無理やり,ムリヤリ,副詞
1,触る,サワル,動詞
1,触れ,フレ,動詞
1,触ら,サワラ,動詞
1,家出,イエデ,名詞
1,離脱,リダツ,名詞
1,万年床,マンネンドコ,名詞
1,ピュア,ピュア,名詞
1,ほっとか,ホットカ,動詞
1,家名,カメイ,名詞
1,不注意,フチューイ,名詞
1,埋まっ,ウマッ,動詞
1,親友,シンユー,名詞
1,騙す,ダマス,動詞
1,騒ぐ,サワグ,動詞
1,騒い,サワイ,動詞
1,持て余し,モテアマシ,動詞
1,がんばろ,ガンバロ,動詞
1,がんばん,ガンバン,動詞
1,ニュース,ニュース,名詞
1,プレー,プレー,名詞
1,複数,フクスー,名詞
1,衝突,ショートツ,名詞
1,過ぎ行く,スギユク,動詞
1,見限っ,ミカギッ,動詞
1,話しかける,ハナシカケル,動詞
1,話しかけん,ハナシカケン,動詞
1,読む,ヨム,動詞
1,視力,シリョク,名詞
1,晴れる,ハレル,動詞
1,音痴,オンチ,名詞
1,司令塔,シレートウ,名詞
1,融通,ユーズー,名詞
1,蒸し返し,ムシカエシ,動詞
1,一般人,イッパンジン,名詞
1,積極,セッキョク,名詞
1,規則,キソク,名詞
1,染みつい,シミツイ,動詞
1,寝坊,ネボー,名詞
1,封印,フーイン,名詞
1,語り,カタリ,動詞
1,語っ,カタッ,動詞
1,誓わ,チカワ,動詞
1,オレンジ,オレンジ,名詞
1,誘わ,サソワ,動詞
1,励ます,ハゲマス,動詞
1,むかつく,ムカツク,動詞
1,誘う,サソウ,動詞
1,立ち上がり,タチアガリ,動詞
1,誘お,サソオ,動詞
1,誘え,サソエ,動詞
1,表現,ヒョーゲン,名詞
1,ひっぱたく,ヒッパタク,動詞
1,空想,クーソー,名詞
1,例えば,タトエバ,接続詞
1,ホット,ホット,名詞
1,誇り,ホコリ,名詞
1,学期,ガッキ,名詞
1,見事,ミゴト,名詞
1,ゴールデンウィーク,ゴールデンウィーク,名詞
1,お詫び,オワビ,名詞
1,交わし,カワシ,動詞
1,スピード,スピード,名詞
1,立場,タチバ,名詞
1,頭数,トースー,名詞
1,確かめる,タシカメル,動詞
1,話さ,ハナサ,動詞
1,話せ,ハナセ,動詞
1,行ける,イケル,動詞
1,裏手,ウラテ,名詞
1,ペット,ペット,名詞
1,行きゃ,イキャ,動詞
1,あこがれ,アコガレ,動詞
1,二度と,ニドト,副詞
1,試し,タメシ,名詞
1,居候,イソーロー,名詞
1,行為,コーイ,名詞
1,口説い,クドイ,動詞
1,朝飯,アサメシ,名詞
1,なぎ倒す,ナギタオス,動詞
1,たどり着き,タドリツキ,動詞
1,養成,ヨーセイ,名詞
1,食材,ショクザイ,名詞
1,天目,テンモク,名詞
1,欠け,カケ,動詞
1,ナンパ,ナンパ,名詞
1,仲直り,ナカナオリ,名詞
1,語り合お,カタリアオ,動詞
1,楮本,カシノモト,名詞
1,欲し,ホシ,形容詞
1,たたき起こし,タタキオコシ,動詞
1,呼び出さ,ヨビダサ,動詞
1,呼び出し,ヨビダシ,名詞
1,守れ,マモレ,動詞
1,落ち込ん,オチコン,動詞
1,落ち込ま,オチコマ,動詞
1,褒め,ホメ,動詞
1,売れ残る,ウレノコル,動詞
1,歌え,ウタエ,動詞
1,歌お,ウタオ,動詞
1,歌う,ウタウ,動詞
1,夜空,ヨゾラ,名詞
1,歌わ,ウタワ,動詞
1,ニトロ,ニトロ,名詞
1,冷蔵庫,レイゾーコ,名詞
1,受け止める,ウケトメル,動詞
1,風景,フーケイ,名詞
1,独りぼっち,ヒトリボッチ,名詞
1,それだけ,ソレダケ,副詞
1,ぶつかり,ブツカリ,動詞
1,実に,ジツニ,副詞
1,買出し,カイダシ,名詞
1,境遇,キョーグー,名詞
1,面識,メンシキ,名詞
1,突け,ツケ,動詞
1,祝勝,シュクショー,名詞
1,空く,スク,動詞
1,驚い,オドロイ,動詞
1,驚き,オドロキ,名詞
1,寒く,サムク,形容詞
1,穢れ,ケガレ,名詞
1,しかして,シカシテ,副詞
1,大胆,ダイタン,名詞
1,形作っ,カタチズクッ,動詞
1,坂の下,サカノシタ,名詞
1,サンシキスミレ,サンシキスミレ,名詞
1,突き放し,ツキハナシ,動詞
1,寄り,ヨリ,動詞
1,ハマっ,ハマッ,動詞
1,チョップ,チョップ,名詞
1,奈良,ナラ,名詞
1,あたかも,アタカモ,副詞
1,パイプ,パイプ,名詞
1,曲がる,マガル,動詞
1,殴っ,ナグッ,動詞
1,殴り,ナグリ,動詞
1,殴る,ナグル,動詞
1,押し付けよ,オシツケヨ,動詞
1,繰り上げ,クリアゲ,動詞
1,高校生,コーコーセイ,名詞
1,神様,カミサマ,名詞
1,禁断,キンダン,名詞
1,飛び込ん,トビコン,動詞
1,秘密,ヒミツ,名詞
1,まぎらわしい,マギラワシイ,形容詞
1,下げれ,サゲレ,動詞
1,覗き,ノゾキ,名詞
1,下がれ,サガレ,動詞
1,下がり,サガリ,動詞
1,ハテナ,ハテナ,名詞
1,バカっ,バカッ,接頭詞
1,いっす,イッス,動詞
1,いっし,イッシ,動詞
1,いっそ,イッソ,副詞
1,いっこ,イッコ,名詞
1,いたり,イタリ,動詞
1,バイト,バイト,名詞
1,変身,ヘンシン,名詞
1,いかん,イカン,副詞
1,いかれ,イカレ,動詞
1,ありゃ,アリャ,動詞
1,ありえ,アリエ,動詞
1,比べ,クラベ,動詞
1,たしかに,タシカニ,副詞
1,続けろ,ツズケロ,動詞
1,続けれ,ツズケレ,動詞
1,続けよ,ツズケヨ,動詞
1,消え失せろ,キエウセロ,動詞
1,いこう,イコウ,動詞
1,あわせ,アワセ,動詞
1,模擬,モギ,名詞
1,下さる,クダサル,動詞
1,いくつ,イクツ,名詞
1,尽き,ツキ,動詞
1,歩い,アルイ,動詞
1,フルーツ,フルーツ,名詞
1,ヒット,ヒット,名詞
1,心当たり,ココロアタリ,名詞
1,襲わ,オソワ,動詞
1,止っ,トマッ,動詞
1,笑う,ワラウ,動詞
1,助かり,タスカリ,動詞
1,助かる,タスカル,動詞
1,スポーツマン,スポーツマン,名詞
1,外郎,ウイロー,名詞
1,バッター,バッター,名詞
1,すらすら,スラスラ,副詞
1,バッチリ,バッチリ,副詞
1,世渡り,ヨワタリ,名詞
1,あつい,アツイ,形容詞
1,パンチ,パンチ,名詞
1,要は,ヨーワ,副詞
1,助かっ,タスカッ,動詞
1,駅前,エキマエ,名詞
1,パンツ,パンツ,名詞
1,こうした,コーシタ,連体詞
1,合える,アエル,動詞
1,歩み,アユミ,動詞
1,瞬間,シュンカン,名詞
1,ＢＧＭ,ビージーエム,名詞
1,行使,コーシ,名詞
1,下ろす,オロス,動詞
1,下ろそ,オロソ,動詞
1,死に,シニ,動詞
1,名乗れ,ナノレ,動詞
1,バレる,バレル,動詞
1,あたっ,アタッ,動詞
1,女装,ジョソー,名詞
1,奇跡,キセキ,名詞
1,ビデオテープ,ビデオテープ,名詞
1,独り言,ヒトリゴト,名詞
1,あきず,アキズ,名詞
1,居よ,イヨ,動詞
1,居ら,オラ,動詞
1,あがっ,アガッ,動詞
1,行儀,ギョーギ,名詞
1,あきれ,アキレ,動詞
1,あがる,アガル,動詞
1,残さ,ノコサ,動詞
1,残す,ノコス,動詞
